Rank,Artist,Title,Year,,
1,Percy Faith,"Theme From ""A Summer Place""",1960,,
2,Jim Reeves,He'll Have To Go,1960,,
3,Everly Brothers,Cathy's Clown,1960,,
4,Johnny Preston,Running Bear,1960,,
5,Mark Dinning,Teen Angel,1960,,
6,Brenda Lee,I'm Sorry,1960,,
7,Elvis Presley,It's Now Or Never,1960,,
8,Jimmy Jones,Handy Man,1960,,
9,Elvis Presley,Stuck On You,1960,,
10,Chubby Checker,The Twist,1960,,
11,Connie Francis,Everybody's Somebody's Fool,1960,,
12,Bobby Rydell,Wild One,1960,,
13,Brothers Four,Greenfields,1960,,
14,Jack Scott,What In The World's Come Over You,1960,,
15,Marty Robbins,El Paso,1960,,
16,Hollywood Argyles,Alley Oop,1960,,
17,Connie Francis,My Heart Has A Mind Of Its Own,1960,,
18,Brenda Lee,Sweet Nothin's,1960,,
19,Brian Hyland,Itsy Bitsy Teenie Weenie Yellow Polkadot Bikini,1960,,
20,Roy Orbison,Only The Lonely,1960,,
21,Dion and The Belmonts,Where Or When,1960,,
22,Connie Stevens,Sixteen Reasons,1960,,
23,Paul Anka,Puppy Love,1960,,
24,Frankie Avalon,Why,1960,,
25,Ventures,"Walk, Dont Run",1960,,
26,Drifters,Save The Last Dance For Me,1960,,
27,Brook Benton and Dinah Washington,Baby (You Got What It Takes),1960,,
28,Johnny Horton,Sink The Bismark,1960,,
29,Sam Cooke,Chain Gang,1960,,
30,Everly Brothers,Let It Be Me,1960,,
31,Jimmy Jones,Good Timin',1960,,
32,Bobby Darin,Beyond The Sea,1960,,
33,Jimmy Clanton,Go Jimmy Go,1960,,
34,Jackie Wilson,Night,1960,,
35,Jack Scott,Burning Bridges,1960,,
36,Toni Fisher,The Big Hurt,1960,,
37,Duane Eddy,Because They're Young,1960,,
38,Conway Twitty,Lonely Blue Boy,1960,,
39,Steve Lawrence,Pretty Blue Eyes,1960,,
40,Freddie Cannon,Way Down Yonder In New Orleans,1960,,
41,Anita Bryant,Paper Roses,1960,,
42,Larry Verne,Mr. Custer,1960,,
43,Brenda Lee,I Want To Be Wanted,1960,,
44,Fendermen,Mule Skinner Blues,1960,,
45,Johnny Preston,Cradle Of Love,1960,,
46,Marv Johnson,You've Got What It Takes,1960,,
47,Hank Locklin,"Please Help Me, I'm Falling",1960,,
48,Ron Holden,Love You So,1960,,
49,Hank Ballard and The Midnighters,Finger Poppin' Time,1960,,
50,Platters,Harbor Lights,1960,,
51,Billy Bland,Let The Little Girl Dance,1960,,
52,Jeanne Black,He'll Have To Stay,1960,,
53,Ferrante and Teicher,Theme From The Apartment,1960,,
54,Bobby Rydell,Volare (Nel Blu Dipinto Di Blu),1960,,
55,Jimmy Charles,A Million To One,1960,,
56,Andy Williams,The Village Of St. Bernadette,1960,,
57,Browns,The Old Lamplighter,1960,,
58,Bill Black's Combo,White Silver Sands,1960,,
59,Bobby Vee,Devil Or Angel,1960,,
60,Four Preps,Down By The Station,1960,,
61,Little Dippers,Forever,1960,,
62,Safaris and The Phantom's Band,Image Of A Girl,1960,,
63,Brook Benton,Kiddio,1960,,
64,Donnie Brooks,Mission Bell,1960,,
65,Marv Johnson,I Love The Way You Love,1960,,
66,Paul Anka,It's Time To Cry,1960,,
67,Ray Peterson,Tell Laura I Love Her,1960,,
68,Connie Francis,Mama,1960,,
69,Steve Lawrence,Footsteps,1960,,
70,Everly Brothers,So Sad,1960,,
71,Brenda Lee,That's All You Gotta Do,1960,,
72,Fats Domino,Walking To New Orleans,1960,,
73,Connie Francis,Among My Souvenirs,1960,,
74,Bobby Rydell,Swingin' School,1960,,
75,Dinah Washington and Brook Benton,A Rockin' Good Way,1960,,
76,Neil Sedaka,Stairway To Heaven,1960,,
77,Paul Anka,My Home Town,1960,,
78,Ray Charles,Georgia On My Mind,1960,,
79,Skip and Flip,Cherry Pie,1960,,
80,Sam Cooke,Wonderful World,1960,,
81,Spencer Ross,Tracy's Theme,1960,,
82,Lloyd Price,Lady Luck,1960,,
83,Crests,Step By Step,1960,,
84,Paul Evans,Happy-Go-Lucky Me,1960,,
85,Ricky Nelson,Young Emotions,1960,,
86,Johnny Burnette,Dreamin',1960,,
87,Johnny Tillotson,Poetry In Motion,1960,,
88,Annette,O Dio Mio,1960,,
89,Joe Jones,You Talk Too Much,1960,,
90,Johnny and The Hurricanes,Beatnik Fly,1960,,
91,Everly Brothers,When Will I Be Loved,1960,,
92,Bob Luman,Let's Think About Livin',1960,,
93,Guy Mitchell,Heartaches By The Number,1960,,
94,Anita Bryant,In My Little Corner Of The World,1960,,
95,Jackie Wilson,Doggin' Around,1960,,
96,Bobby Rydell,Little Bitty Girl,1960,,
97,Barret Strong,Money,1960,,
98,Maurice Williams,Stay,1960,,
99,Charlie Rich,Lonely Weekends,1960,,
100,Larry Hall,Sandy,1960,,
1,Bobby Lewis,Tossin' And Turnin',1961,,
2,Patsy Cline,I Fall To Pieces,1961,,
3,Highwaymen,Michael,1961,,
4,Roy Orbison,Cryin',1961,,
5,Del Shannon,Runaway,1961,,
6,Jive Five,My True Story,1961,,
7,Chubby Checker,Pony Time,1961,,
8,String-a-longs,Wheels,1961,,
9,Dee Clark,Raindrops,1961,,
10,Joe Dowell,Wooden Heart (Muss I Denn),1961,,
11,Lawrence Welk,Calcutta,1961,,
12,Bobby Vee,Take Good Care Of My Baby,1961,,
13,Roy Orbison,Running Scared,1961,,
14,Shirelles,Dedicated To The One I Love,1961,,
15,Mar-Keys,Last Night,1961,,
16,Shirelles,Will You Love Me Tomorrow,1961,,
17,Ferrante and Teicher,Exodus,1961,,
18,Connie Francis,Where The Boys Are,1961,,
19,Ray Charles,Hit The Road Jack,1961,,
20,Sue Thompson,Sad Movies (Make Me Cry),1961,,
21,Ernie K-Doe,Mother-In-Law,1961,,
22,Dovells,Bristol Stomp,1961,,
23,Ricky Nelson,Travelin' Man,1961,,
24,Miracles,Shop Around,1961,,
25,Brook Benton,The Boll Weevil Song,1961,,
26,Gene Mcdaniels,A Hundred Pounds Of Clay,1961,,
27,Dick and Deedee,The Mountain's High,1961,,
28,Marty Robbins,Don't Worry,1961,,
29,Floyd Cramer,On The Rebound,1961,,
30,Steve Lawrence,Portrait Of My Love,1961,,
31,"Gary ""U.S."" Bonds",Quarter To Three,1961,,
32,Barry Mann,"Who Put The Bomp (In The Bomp, Bomp, Bomp)",1961,,
33,Neil Sedaka,Calendar Girl,1961,,
34,Chris Kenner,I Like It Like That,1961,,
35,Jorgen Ingmann,Apache,1961,,
36,Linda Scott,Don't Bet Money Honey,1961,,
37,Johnny Tillotson,Without You,1961,,
38,Ferlin Husky,Wings Of A Dove,1961,,
39,Elvis Presley,Little Sister,1961,,
40,Marcels,Blue Moon,1961,,
41,Shep and The Limelites,Daddy's Home,1961,,
42,Troy Shondell,This Time,1961,,
43,"Clarence ""Frog Man"" Henry",I Don't Know Why But I Do,1961,,
44,Kokomo,Asia Minor,1961,,
45,Faron Young,Hello Walls,1961,,
46,Dion,Runaround Sue,1961,,
47,Arthur Lyman,Yellow Bird,1961,,
48,Timi Yuro,Hurt,1961,,
49,Ricky Nelson,Hello Mary Lou,1961,,
50,Capris,There's A Moon Out Tonight,1961,,
51,Elvis Presley,Surrender,1961,,
52,Paris Sisters,I Love How You Love Me,1961,,
53,Lee Dorsey,Ya Ya,1961,,
54,"Gary ""U.S."" Bonds",School Is Out,1961,,
55,Bob Moore,Mexico,1961,,
56,Ral Donner,You Don't Know What You've Got (Until You Lose It),1961,,
57,Everly Brothers,Walk Right Back,1961,,
58,Lettermen,The Way You Look Tonight,1961,,
59,Pat Boone,Moody River,1961,,
60,Ray Charles,One Mint Julep,1961,,
61,Adam Wade,Take Good Care Of Her,1961,,
62,Carla Thomas,Gee Whiz (Look At His Eyes),1961,,
63,Ben E. King,Stand By Me,1961,,
64,Ben E. King,Spanish Harlem,1961,,
65,Ike and Tina Turner,It's Gonna Work Out Fine,1961,,
66,Echoes,Baby Blue,1961,,
67,Buzz Clifford,Baby Sittin' Boogie,1961,,
68,Del Shannon,Hats Off To Larry,1961,,
69,Caesar and The Romans,Those Oldies But Goodies,1961,,
70,Chubby Checker,The Fly,1961,,
71,Elvis Presley,(Marie's The Name) His Latest Flame,1961,,
72,Bert Kaempfert and His Orch.,Wonderland By Night,1961,,
73,Tony Orlando,Bless You,1961,,
74,Linda Scott,I've Told Every Little Star,1961,,
75,Bobby Lewis,One Track Mind,1961,,
76,Rosie and The Originals,Angel Baby,1961,,
77,Curtis Lee,Pretty Little Angel Eyes,1961,,
78,Brook Benton,Think Twice,1961,,
79,Lonnie Donegan,Does Your Chewing Gum Lose Its Flavor (On The Bedpost Overnight),1961,,
80,Connie Francis,Breakin' In A Brand New Broken Heart,1961,,
81,Shirelles,Mama Said,1961,,
82,Fats Domino,Let The Four Winds Blow,1961,,
83,Adam Wade,The Writing On The Wall,1961,,
84,Matt Monroe,My Kind Of Girl,1961,,
85,Paul Anka,"Tonight My Love, Tonight",1961,,
86,Jimmy Dean,Big Bad John,1961,,
87,Bobby Rydell,Good Time Baby,1961,,
88,Floyd Cramer,San Antonio Rose,1961,,
89,Bobby Vee,Rubber Ball,1961,,
90,Ray Peterson,Missing You,1961,,
91,Brenda Lee,Dum Dum,1961,,
92,Eddie Hodges,I'm Gonna Knock On Your Door,1961,,
93,Brenda Lee,You Can Depend On Me,1961,,
94,Chubby Checker,Let's Twist Again,1961,,
95,Dave Brubeck,Take Five,1961,,
96,Elvis Presley,Are You Lonesome Tonight,1961,,
97,Don Gibson,Sea Of Heartbreak,1961,,
98,Four Preps,More Money For You And Me Medley,1961,,
99,Bobby Darin,You Must Have Been A Beautiful Baby,1961,,
100,Drifters,Please Stay,1961,,
1,Mr. Acker Bilk,Stranger On The Shore,1962,,
2,Ray Charles,I Can't Stop Loving You,1962,,
3,Dee Dee Sharp,Mashed Potato Time,1962,,
4,Bobby Vinton,Roses Are Red (My Love),1962,,
5,David Rose,The Stripper,1962,,
6,Shelley Fabares,Johnny Angel,1962,,
7,Little Eva,The Loco-Motion,1962,,
8,Sensations,Let Me In,1962,,
9,Chubby Checker,The Twist,1962,,
10,Shirelles,Soldier Boy,1962,,
11,Bruce Channel,Hey! Baby,1962,,
12,Dion,The Wanderer,1962,,
13,Gene Chandler,Duke Of Earl,1962,,
14,Freddy Cannon,Palisades Park,1962,,
15,Neil Sedaka,Breaking Up Is Hard To Do,1962,,
16,Claude King,Wolverton Mountain,1962,,
17,Chubby Checker,Slow Twistin',1962,,
18,Johnny Tillotson,It Keeps Right On a-Hurtin',1962,,
19,Mary Wells,The One Who Really Loves You,1962,,
20,Elvis Presley,Good Luck Charm,1962,,
21,Kenny Ball,Midnight In Moscow,1962,,
22,Tommy Roe,Sheila,1962,,
23,Sam Cooke,Twistin' The Night Away,1962,,
24,Orlons,Wah-Watusi,1962,,
25,Joey Dee and The Starlighters,Peppermint Twist,1962,,
26,Brenda Lee,Break It To Me Gently,1962,,
27,Marvelettes,Playboy,1962,,
28,Nat King Cole,Ramblin' Rose,1962,,
29,Brian Hyland,Sealed With A Kiss,1962,,
30,Jay and The Americans,She Cried,1962,,
31,Connie Francis,Don't Break The Heart That Loves You,1962,,
32,Gary U.S. Bonds,Dear Lady Twist,1962,,
33,Sue Thompson,Norman,1962,,
34,Ketty Lester,Love Letters,1962,,
35,Claudine Clark,Party Lights,1962,,
36,Highwaymen,Cotton Fields,1962,,
37,Bent Fabric,Alley Cat,1962,,
38,Isley Brothers,Twist And Shout,1962,,
39,Richard Chamberlain,Theme From Dr. Kildare,1962,,
40,Ace Cannon,Tuff,1962,,
41,Clyde Mcphatter,"Lover, Please",1962,,
42,Barbara George,I Know,1962,,
43,Rick Nelson,Young World,1962,,
44,Shirelles,Baby It's You,1962,,
45,Pat Boone,Speedy Gonzales,1962,,
46,Burl Ives,A Little Bitty Tear,1962,,
47,Everly Brothers,Crying In The Rain,1962,,
48,Emillo Pericoli,Al Di La',1962,,
49,Ernie Maresca,Shout! Shout! (Knock Yourself Out),1962,,
50,Don and Juan,What's Your Name,1962,,
51,Corsairs,Smoky Places,1962,,
52,Sam Cooke,Having A Party,1962,,
53,Booker T and The MG's,Green Onions,1962,,
54,Ray Charles,You Don't Know Me,1962,,
55,Four Seasons,Sherry,1962,,
56,Joanie Sommers,Johnny Get Angry,1962,,
57,Elvis Presley,Can't Help Falling In Love,1962,,
58,Joey Dee,Shout,1962,,
59,"Dave ""Baby"" Cortez",Rinky Dink,1962,,
60,Henry Mancini,Moon River,1962,,
61,Ray Stevens,Ahab The Arab,1962,,
62,Bobby Darin,Things,1962,,
63,Gene Pitney,The Man Who Shot Liberty Valance,1962,,
64,Duprees,You Belong To Me,1962,,
65,Roy Orbison,Dream Baby,1962,,
66,Joe Henderson,Snap Your Fingers,1962,,
67,Dion,Lovers Who Wander,1962,,
68,Chris Montez,Let's Dance,1962,,
69,Johnny Crawford,Cindy's Birthday,1962,,
70,Mary Wells,You Beat Me To The Punch,1962,,
71,Barbara Lynn,You'll Lose A Good Thing,1962,,
72,Crystals,Uptown,1962,,
73,Brenda Lee,Everybody Loves Me But You,1962,,
74,Dickie Lee,Patches,1962,,
75,Jimmy Clanton,Venus In Blue Jeans,1962,,
76,Paul Anka,Love Me Warm And Tender,1962,,
77,Rick Nelson,Teen Age Idol,1962,,
78,Patsy Cline,She's Got You,1962,,
79,Larry Finnegan,Dear One,1962,,
80,James Darren,Her Royal Majesty,1962,,
81,Walter Brennan,Old Rivers,1962,,
82,Burl Ives,Funny Way Of Laughin',1962,,
83,Billy Vaughn,A Swingin' Safari,1962,,
84,Dick and Deedee,Tell Me,1962,,
85,Jimmy Dean,P.T. 109,1962,,
86,Dion,Little Diane,1962,,
87,Billy Joe and The Checkmates,Percolator (Twist),1962,,
88,Gary U.S. Bonds,"Twist, Twist Senora",1962,,
89,Jimmy Soul,Twistin' Matilda,1962,,
90,Dee Dee Sharp,Gravy,1962,,
91,Jimmy Smith,Walk On The Wild Side,1962,,
92,King Curtis,Soul Twist,1962,,
93,Bobby Rydell,I'll Never Dance Again,1962,,
94,Ikettes,I'm Blue,1962,,
95,Kingston Trio,Where Have All The Flowers Gone,1962,,
96,Eddie Hodges,"(Girls, Girls, Girls) Were Made To Love",1962,,
97,Gene Pitney,Town Without Pity,1962,,
98,"Peter, Paul and Mary",If I Had A Hammer,1962,,
99,Ronnie and The Hi-lites,I Wish That We Were Married,1962,,
100,Beach Boys,Surfin' Safari,1962,,
1,Jimmy Gilmer and The Fireballs,Sugar Shack,1963,,
2,Beach Boys,Surfin' U.S.A.,1963,,
3,Skeeter Davis,The End Of The World,1963,,
4,Cascades,Rhythm Of The Rain,1963,,
5,Chiffons,He's So Fine,1963,,
6,Bobby Vinton,Blue Velvet,1963,,
7,Paul and Paula,Hey Paula,1963,,
8,Little Stevie Wonder,Fingertips II,1963,,
9,Village Stompers,Washington Square,1963,,
10,Impressions,It's All Right,1963,,
11,Andy Williams,Can't Get Used To Losing You,1963,,
12,Angels,My Boyfriend's Back,1963,,
13,Kyu Sakamoto,Sukiyaki,1963,,
14,Lesley Gore,She's A Fool,1963,,
15,Tymes,So Much In Love,1963,,
16,"Peter, Paul and Mary",Puff (The Magic Dragon),1963,,
17,"Peter, Paul and Mary",Blowin' In The Wind,1963,,
18,Dale and Grace,I'm Leaving It Up To You,1963,,
19,Nino Tempo and April Stevens,Deep Purple,1963,,
20,Surfaris,Wipe Out,1963,,
21,Al Martino,I Love You Because,1963,,
22,Rebels,Wild Weekend,1963,,
23,Bobby Darin,You're The Reason I'm Living,1963,,
24,Four Seasons,Walk Like A Man,1963,,
25,Inez Foxx,Mockingbird,1963,,
26,Little Peggy March,I Will Follow Him,1963,,
27,Chantays,Pipeline,1963,,
28,Jan and Dean,Surf City,1963,,
29,Lesley Gore,It's My Party,1963,,
30,Eydie Gorme,Blame It On The Bossa Nova,1963,,
31,Dovells,You Can't Sit Down,1963,,
32,Martha and The Vandellas,Heat Wave,1963,,
33,Randy and The Rainbows,Denise,1963,,
34,Rooftop Singers,Walk Right In,1963,,
35,Jimmy Soul,If You Wanna Be Happy,1963,,
36,Beach Boys,Surfer Girl,1963,,
37,Trini Lopez,If I Had A Hammer,1963,,
38,Tommy Roe,Everybody,1963,,
39,Essex,Easier Said Than Done,1963,,
40,Dion,Ruby Baby,1963,,
41,Los Indios Tabajaras,Maria Elena,1963,,
42,Ruby and The Romantics,Our Day Will Come,1963,,
43,Skeeter Davis,I Can't Stay Mad At You,1963,,
44,Barbara Lewis,"Hello, Stranger",1963,,
45,Ronettes,Be My Baby,1963,,
46,Roy Orbison,Mean Woman Blues,1963,,
47,Orlons,South Street,1963,,
48,Henry Mancini,Days Of Wine And Roses,1963,,
49,Major Lance,The Monkey Time,1963,,
50,Four Seasons,Candy Girl,1963,,
51,Bill Anderson,Still,1963,,
52,Bobby Vinton,Blue On Blue,1963,,
53,Garnet Mimms and The Enchanters,Cry Baby,1963,,
54,Lou Christie,Two Faces Have I,1963,,
55,Ray Charles,Busted,1963,,
56,Crystals,Da Doo Ron Ron,1963,,
57,Shirelles,Foolish Little Girl,1963,,
58,Lonnie Mack,Memphis,1963,,
59,Roy Orbison,In Dreams,1963,,
60,Kai Winding,More,1963,,
61,Rick Nelson,Fools Rush In,1963,,
62,Brenda Lee,Losing You,1963,,
63,Bill Pursell,Our Winter Love,1963,,
64,Tony Bennett,I Wanna Be Around,1963,,
65,Miracles,You've Really Got A Hold On Me,1963,,
66,Jaynetts,Sally Go 'Round The Roses,1963,,
67,Sam Cooke,Little Red Rooster,1963,,
68,Crystals,Then He Kissed Me,1963,,
69,Elvis Presley,(You're The) Devil In Disguise,1963,,
70,Nat King Cole,Those Lazy Hazy Crazy Days Of Summer,1963,,
71,Jackie Wilson,Baby Workout,1963,,
72,Marvin Gaye,Pride And Joy,1963,,
73,Rufus Thomas,Walking The Dog,1963,,
74,Ned Miller,From A Jack To A King,1963,,
75,Drifters,Up On The Roof,1963,,
76,Johnny Mathis,What Will My Mary Say,1963,,
77,Jan Bradley,Mama Didn't Lie,1963,,
78,Bobby Vee,The Night Has A Thousand Eyes,1963,,
79,Cookies,Don't Say Nothin' Bad About My Baby,1963,,
80,Johnny Cash,Ring Of Fire,1963,,
81,Doris Troy,Just One Look,1963,,
82,Allan Sherman,"Hello Muddah, Hello Fadduh! (A Letter From Camp)",1963,,
83,Lesley Gore,Judy's Turn To Cry,1963,,
84,Rolf Harris,"Tie Me Kangaroo Down, Sport",1963,,
85,Miracles,Mickey's Monkey,1963,,
86,Dion,"Donna, The Prima Donna",1963,,
87,Nat King Cole,"That Sunday, That Summer",1963,,
88,Sam Cooke,Another Saturday Night,1963,,
89,Al Martino,"Painted, Tainted Rose",1963,,
90,Dixiebelles With Cornbread and Jerry,(Down At) Papa Joe's,1963,,
91,Steve Lawrence,Go Away Little Girl,1963,,
92,Ray Charles,Take These Chains From My Heart,1963,,
93,Sunny and The Sunglows,Talk To Me,1963,,
94,Martha and The Vandellas,Come And Get These Memories,1963,,
95,Elvis Presley,Bossa Nova Baby,1963,,
96,Dee Dee Sharp,Do The Bird,1963,,
97,Beach Boys,Shut Down,1963,,
98,Chiffons,One Fine Day,1963,,
99,Bobby Bare,500 Miles Away From Home,1963,,
100,Del Shannon,Little Town Flirt,1963,,
1,Beatles,I Want To Hold Your Hand,1964,,
2,Beatles,She Loves You,1964,,
3,Louis Armstrong,"Hello, Dolly!",1964,,
4,Roy Orbison,"Oh, Pretty Woman",1964,,
5,Beach Boys,I Get Around,1964,,
6,Dean Martin,Everybody Loves Somebody,1964,,
7,Mary Wells,My Guy,1964,,
8,Gale Garnett,We'll Sing In The Sunshine,1964,,
9,J. Frank Wilson and The Cavaliers,Last Kiss,1964,,
10,Supremes,Where Did Our Love Go,1964,,
11,Barbara Streisand,People,1964,,
12,Al Hirt,Java,1964,,
13,Beatles,A Hard Day's Night,1964,,
14,Beatles,Love Me Do,1964,,
15,Manfred Mann,Do Wah Diddy Diddy,1964,,
16,Beatles,Please Please Me,1964,,
17,Martha and The Vandellas,Dancing In The Street,1964,,
18,Billy J. Kramer and The Dakotas,Little Children,1964,,
19,Ray Charles Singers,Love Me With All Your Heart,1964,,
20,Drifters,Under The Boardwalk,1964,,
21,Dixie Cups,Chapel Of Love,1964,,
22,Terry Stafford,Suspicion,1964,,
23,Dave Clark Five,Glad All Over,1964,,
24,Four Seasons,Rag Doll,1964,,
25,Four Seasons,Dawn (Go Away),1964,,
26,Newbeats,Bread And Butter,1964,,
27,Gene Pitney,It Hurts To Be In Love,1964,,
28,Jan and Dean,Dead Man's Curve,1964,,
29,Jay and The Americans,Come A Little Bit Closer,1964,,
30,Peter and Gordon,A World Without Love,1964,,
31,Honeycombs,Have I The Right?,1964,,
32,Serendipity Singers,Don't Let The Rain Come Down (Crooked Little Man),1964,,
33,Supremes,Baby Love,1964,,
34,Betty Everett and Jerry Butler,Let It Be Me,1964,,
35,Dusty Springfield,Wishin' And Hopin',1964,,
36,Lesley Gore,You Don't Own Me,1964,,
37,Dionne Warwick,Walk On By,1964,,
38,Animals,The House Of The Rising Sun,1964,,
39,Ronny and The Daytona,G.T.O.,1964,,
40,Beatles,Twist And Shout,1964,,
41,Johnny Rivers,Memphis,1964,,
42,Danny Williams,White On White,1964,,
43,Rip Chords,Hey Little Cobra,1964,,
44,Betty Everett,The Shoop Shoop Song (It's In His Kiss),1964,,
45,Dave Clark Five,Bits And Pieces,1964,,
46,Millie Small,My Boy Lollipop,1964,,
47,Major Lance,"Um, Um, Um, Um, Um, Um",1964,,
48,Jan and Dean,The Little Old Lady,1964,,
49,Gerry and The Pacemakers,Don't Let The Sun Catch You Crying,1964,,
50,Chad and Jeremy,A Summer Song,1964,,
51,Stan Getz and Astrud Gilberto,The Girl From Ipanema,1964,,
52,Beatles,Can't Buy Me Love,1964,,
53,Shangri-Las,Remember (Walkin' In The Sand),1964,,
54,Bobby Freeman,C'mon And Swim,1964,,
55,Beatles,Do You Want To Know A Secret,1964,,
56,Impressions,Keep On Pushing,1964,,
57,Four Tops,Baby I Need Your Loving,1964,,
58,Diane Renay,Navy Blue,1964,,
59,Bachelors,Diane,1964,,
60,Marketts,Out Of Limits,1964,,
61,Hondells,Little Honda,1964,,
62,Bobby Goldsboro,See The Funny Little Clown,1964,,
63,Dave Clark Five,Because,1964,,
64,Reflections,(Just Like) Romeo And Juliet,1964,,
65,Rick Nelson,For You,1964,,
66,New Christy Minstrels,Today,1964,,
67,Dave Clark Five,Can't You See That She's Mine,1964,,
68,Shangri-Las,Leader Of The Pack,1964,,
69,Joe Hinton,Funny,1964,,
70,Temptations,The Way You Do The Things You Do,1964,,
71,Dionne Warwick,Anyone Who Had A Heart,1964,,
72,Al Martino,I Love You More And More Every Day,1964,,
73,Roy Orbison,It's Over,1964,,
74,Four Seasons,Ronnie,1964,,
75,Trashmen,Surfin' Bird,1964,,
76,Tams,What Kind Of Fool (Do You Think I Am),1964,,
77,Dean Martin,The Door Is Still Open To My Heart,1964,,
78,Kinks,You Really Got Me,1964,,
79,Sammy Davis Jr.,The Shelter Of Your Arms,1964,,
80,Impressions,I'm So Proud,1964,,
81,Jelly Beans,I Wanna Love Him So Bad,1964,,
82,Roger Miller,Chug-a-lug,1964,,
83,Roger Miller,Dang Me,1964,,
84,Al Hirt,Cotton Candy,1964,,
85,Nancy Wilson,(You Don't Know) How Glad I Am,1964,,
86,Kingsmen,Money,1964,,
87,Searchers,Don't Throw Your Love Away,1964,,
88,Tommy Tucker,Hi-heel Sneakers,1964,,
89,Gerry and The Pacemakers,How Do You Do It!,1964,,
90,Ventures,Walk Don't Run '64,1964,,
91,Dave Clark Five,Do You Love Me,1964,,
92,"Robert Maxwell, His Harp and Orch.",Shangri-La,1964,,
93,Gene Simmons,Haunted Houses,1964,,
94,Jimmy Hughes,Steal Away,1964,,
95,Beatles,I Saw Her Standing There,1964,,
96,Andy Williams,A Fool Never Learns,1964,,
97,Billy J. Kramer and The Dakotas,Bad To Me,1964,,
98,Bobby Vinton,There! I've Said It Again,1964,,
99,Kingsmen,Louie Louie,1964,,
100,Searchers,Needles And Pins,1964,,
1,Sam The Sham and The Pharaohs,Wooly Bully,1965,,
2,Four Tops,I Can't Help Myself (Sugar Pie Honey Bunch),1965,,
3,Rolling Stones,(I Can't Get No) Satisfaction,1965,,
4,We Five,You Were On My Mind,1965,,
5,Righteous Brothers,You've Lost That Lovin' Feelin',1965,,
6,Petula Clark,Downtown,1965,,
7,Beatles,Help!,1965,,
8,Herman's Hermits,Can't You Hear My Heartbeat,1965,,
9,Elvis Presley,Crying In The Chapel,1965,,
10,Temptations,My Girl,1965,,
11,Beach Boys,"Help Me, Rhonda",1965,,
12,Roger Miller,King Of The Road,1965,,
13,Jewel Aikens,The Birds And The Bees,1965,,
14,Mel Carter,"Hold Me, Thrill Me, Kiss Me",1965,,
15,Jr. Walker and The All Stars,Shotgun,1965,,
16,Sonny and Cher,I Got You Babe,1965,,
17,Gary Lewis and The Playboys,This Diamond Ring,1965,,
18,Ramsey Lewis Trio,"The ""In"" Crowd",1965,,
19,Herman's Hermits,Mrs. Brown You've Got A Lovely Daughter,1965,,
20,Supremes,Stop! In The Name Of Love,1965,,
21,Righteous Brothers,Unchained Melody,1965,,
22,Herman's Hermits,Silhouettes,1965,,
23,Seekers,I'll Never Find Another You,1965,,
24,Jay and The Americans,"Cara, Mia",1965,,
25,Byrds,Mr. Tambourine Man,1965,,
26,Sounds Orchestral,Cast Your Fate To The Wind,1965,,
27,Barbara Mason,"Yes, I'm Ready",1965,,
28,Tom Jones,What's New Pussycat?,1965,,
29,Barry McGuire,Eve Of Destruction,1965,,
30,McCoys,Hang On Sloopy,1965,,
31,Beatles,Ticket To Ride,1965,,
32,Bert Kaempfert and His Orch.,Red Roses For A Blue Lady,1965,,
33,James Brown and The Famous Flames,Papa's Got A Brand New Bag,1965,,
34,Wayne Fontana and The Mindbenders,Game Of Love,1965,,
35,Shirley Ellis,The Name Game,1965,,
36,Petula Clark,I Know A Place,1965,,
37,Supremes,Back In My Arms Again,1965,,
38,Barbara Lewis,Baby I'm Yours,1965,,
39,Kingsmen,The Jolly Green Giant,1965,,
40,Patti Page,"Hush, Hush, Sweet Charlotte",1965,,
41,Bob Dylan,Like A Rolling Stone,1965,,
42,Freddie and The Dreamers,I'm Telling You Now,1965,,
43,Gerry and The Pacemakers,Ferry Cross The Mersey,1965,,
44,Righteous Brothers,Just Once In My Life,1965,,
45,Johnny Rivers,Seventh Son,1965,,
46,Herman's Hermits,"I'm Henry VIII, I Am",1965,,
47,Horst Jankowski,A Walk In The Black Forest,1965,,
48,Yardbirds,For Your Love,1965,,
49,Beach Boys,California Girls,1965,,
50,Moody Blues,Go Now,1965,,
51,Shirley Bassey,Goldfinger,1965,,
52,Billy Joe Royal,Down In The Boondocks,1965,,
53,Glenn Yarbrough,Baby The Rain Must Fall,1965,,
54,Dave Clark Five,Catch Us If You Can,1965,,
55,Beatles,Eight Days A Week,1965,,
56,Beau Brummels,Just A Little,1965,,
57,Ian Whitcomb,You Turn Me On,1965,,
58,Marvin Gaye,I'll Be Doggone,1965,,
59,Gary Lewis and The Playboys,Save Your Heart For Me,1965,,
60,Kinks,Tired Of Waiting For You,1965,,
61,Gary Lewis and The Playboys,Count Me In,1965,,
62,Kinks,All Day And All Of The Night,1965,,
63,Jackie DeShannon,What The World Needs Now Is Love,1965,,
64,Tom Jones,It's Not Unusual,1965,,
65,Sir Douglas Quintet,She's About A Mover,1965,,
66,Sam Cooke,Shake,1965,,
67,Herman's Hermits,Wonderful World,1965,,
68,Martha and The Vandellas,Nowhere To Run,1965,,
69,Yardbirds,Heart Full Of Soul,1965,,
70,Searchers,Love Potion Number Nine,1965,,
71,Dickle Lee,Laurie (Strange Things Happen),1965,,
72,Sonny and Cher,Baby Don't Go,1965,,
73,Turtles,It Ain't Me Babe,1965,,
74,Zombies,Tell Her No,1965,,
75,Peter and Gordon,I Go To Pieces,1965,,
76,Vic Dana,Red Roses For A Blue Lady,1965,,
77,Patty Duke,Don't Just Stand There,1965,,
78,Miracles,The Tracks Of My Tears,1965,,
79,Brenda Lee,Too Many Rivers,1965,,
80,Dave Clark Five,I Like It Like That,1965,,
81,Bobby Goldsboro,Little Things,1965,,
82,Peter and Gordon,True Love Ways,1965,,
83,Four Tops,It's The Same Old Song,1965,,
84,Fortunes,You've Got Your Troubles,1965,,
85,Joe Tex,Hold What You've Got,1965,,
86,Animals,We Gotta Get Out Of This Place,1965,,
87,Beau Brummels,"Laugh, Laugh",1965,,
88,Rolling Stones,The Last Time,1965,,
89,Lovin' Spoonful,Do You Believe In Magic,1965,,
90,Cher,All I Really Want To Do,1965,,
91,Little Anthony and The Imperials,Take Me Back,1965,,
92,Strangeloves,I Want Candy,1965,,
93,Miracles,Ooo Baby Baby,1965,,
94,Sonny,Laugh At Me,1965,,
95,Roy Head,Treat Her Right,1965,,
96,Jack Jones,The Race Is On,1965,,
97,"Dino, Desi and Billy",I'm A Fool,1965,,
98,Ad Libs,The Boy From New York City,1965,,
99,Del Shannon,Keep Searchin',1965,,
100,Marvin Gaye,How Sweet It Is (To Be Loved By You),1965,,
1,Sgt. Barry Sadler,The Ballad Of The Green Berets,1966,,
2,Association,Cherish,1966,,
3,Righteous Brothers,(You're My) Soul And Inspiration,1966,,
4,Four Tops,Reach Out I'll Be There,1966,,
5,? and The Mysterians,96 Tears,1966,,
6,Monkees,Last Train To Clarksville,1966,,
7,Mama's and The Papa's,"Monday, Monday",1966,,
8,Supremes,You Can't Hurry Love,1966,,
9,Johnny Rivers,Poor Side Of Town,1966,,
10,Mama's and The Papa's,California Dreamin',1966,,
11,Lovin' Spoonful,Summer In The City,1966,,
12,Roger Williams,Born Free,1966,,
13,Nancy Sinatra,These Boots Are Made For Walkin',1966,,
14,Jimmy Ruffin,What Becomes Of The Brokenhearted,1966,,
15,Frank Sinatra,Strangers In The Night,1966,,
16,Beatles,We Can Work It Out,1966,,
17,Young Rascals,Good Lovin',1966,,
18,New Vaudeville Band,Winchester Cathedral,1966,,
19,Tommy James and The Shondells,Hanky Panky,1966,,
20,Percy Sledge,When A Man Loves A Woman,1966,,
21,Rolling Stones,Paint It Black,1966,,
22,Petula Clark,My Love,1966,,
23,Lou Christie,Lightnin' Strikes,1966,,
24,Troggs,Wild Thing,1966,,
25,Paul Revere and The Raiders,Kicks,1966,,
26,Donovan,Sunshine Superman,1966,,
27,Bobby Hebb,Sunny,1966,,
28,Beatles,Paperback Writer,1966,,
29,Happenings,See You In September,1966,,
30,Supremes,You Keep Me Hangin' On,1966,,
31,Sam The Sham and The Pharaohs,Lil' Red Riding Hood,1966,,
32,Mitch Ryder and The Detroit Wheels,Devil With A Blue Dress On and Good Golly Miss Molly (Medley),1966,,
33,Beach Boys,Good Vibrations,1966,,
34,Mindbenders,A Groovy Kind Of Love,1966,,
35,Dusty Springfield,You Don't Have To Say You Love Me,1966,,
36,Capitols,Cool Jerk,1966,,
37,Sandy Posey,Born A Woman,1966,,
38,Cyrkle,Red Rubber Ball,1966,,
39,Carla Thomas,B-A-B-Y,1966,,
40,Left Banke,Walk Away Renee,1966,,
41,Lovin' Spoonful,Daydream,1966,,
42,Outsiders,Time Won't Let Me,1966,,
43,Tommy Roe,Hooray For Hazel,1966,,
44,Tommy Roe,Sweet Pea,1966,,
45,Hollies,Bus Stop,1966,,
46,James and Bobby Purify,I'm Your Puppet,1966,,
47,B.J. Thomas and The Triumphs,I'm So Lonesome I Could Cry,1966,,
48,Temptations,Ain't Too Proud To Beg,1966,,
49,Standells,Dirty Water,1966,,
50,Bob Lind,Elusive Butterfly,1966,,
51,Simon and Garfunkel,I Am A Rock,1966,,
52,Ray Charles,Crying Time,1966,,
53,Johnny Rivers,Secret Agent Man,1966,,
54,Simon and Garfunkel,The Sounds Of Silence,1966,,
55,Peter and Gordon,Lady Godiva,1966,,
56,Simon and Garfunkel,Homeward Bound,1966,,
57,Lovin' Spoonful,Did You Ever Have To Make Up Your Mind?,1966,,
58,Robert Parker,Barefootin',1966,,
59,Stevie Wonder,Uptight (Everything's Alright),1966,,
60,Cher,Bang Bang,1966,,
61,Beach Boys,Sloop John B,1966,,
62,Rolling Stones,19th Nervous Breakdown,1966,,
63,Surfaris,Wipe Out,1966,,
64,Count Five,Psychotic Reaction,1966,,
65,Temptations,Beauty Is Only Skin Deep,1966,,
66,T-Bones,No Matter What Shape (Your Stomach Is In),1966,"	108083		",
67,Paul Revere and The Raiders,Just Like Me,1966,"327267		",
68,Deon Jackson,Love Makes The World Go Round,1966,"381062		",
69,Crispian St. Peters,The Pied Piper,1966,"382427		",
70,Brenda Lee,Coming On Strong,1966,"69312		",
71,Ray Conniff and The Singers,Somewhere My Love,1966,"750017		",
72,David Houston,Almost Persuaded,1966,"245192		",
73,Bobby Darin,If I Were A Carpenter,1966,"	787790		",
74,Marvelettes,Don't Mess With Bill,1966,"704329		",
75,Neil Diamond,"Cherry, Cherry",1966,2762644,
76,Lee Dorsey,Working In The Coal Mine,1966,"	1841556		",
77,Dionne Warwick,Message To Michael,1966,"325409		",
78,Lou Rawls,Love Is A Hurtin' Thing,1966,"	255538		",
79,Beach Boys,Barbara Ann,1966,"	11933298		",
80,Shadows Of Knight,Gloria,1966,"880067		",
81,Supremes,My World Is Empty Without You,1966,"3451648		",
82,Bob Dylan,Rainy Day Women #12 And 35,1966,"	6042926		",
83,Sandpipers,Guantanamera,1966,"650585		",
84,Wilson Pickett,"Land Of 1,000 Dances",1966,25042907,
85,Shades Of Blue,Oh How Happy,1966,"98161		",
86,Peter and Gordon,Woman,1966,"	183303		",
87,Turtles,You Baby,1966,"	553566		",
88,Vogues,Five O'clock World,1966,"667476		",
89,Los Bravos,Black Is Black,1966,"	5988974		",
90,Beatles,Nowhere Man,1966,"11017023		",
91,Herman's Hermits,Dandy,1966,"74173		",
92,Slim Harpo,Baby Scratch My Back,1966,"387232		",
93,Gary Lewis and The Playboys,She's Just My Style,1966,"669385		",
94,Chris Montez,The More I See You,1966,"1293165		",
95,Bobby Fuller Four,I Fought The Law,1966,"5019487		",
96,Beatles,Yellow Submarine,1966,"	33759504		",
97,Paul Revere and The Raiders,Hungry,1966,"257617		",
98,Herb Alpert and The Tijuana Brass,Zorba The Greek,1966,"391411		",
99,Yardbirds,Shapes Of Things,1966,"1884000		",
100,Wilson Pickett,634-5789,1966,"973614		",
1,Lulu,To Sir With Love,1967,"3319473		",
2,Box Tops,The Letter,1967,"22113106		",
3,Bobby Gentry,Ode To Billie Joe,1967,"170998		",
4,Association,Windy,1967,"2621319		",
5,Monkees,I'm A Believer,1967,"	62659630		",
6,Doors,Light My Fire,1967,"53866236		",
7,Nancy Sinatra and Frank Sinatra,Somethin' Stupid,1967,"5038		",
8,Turtles,Happy Together,1967,"	76786713		",
9,Young Rascals,Groovin',1967,"	4783568		",
10,Frankie Valli,Can't Take My Eyes Off You,1967,"34519703		",
11,Music Explosion,Little Bit O' Soul,1967,"568383		",
12,Tommy James and The Shondells,I Think We're Alone Now,1967,"	4215058		",
13,Aretha Franklin,Respect,1967,"	116863662		",
14,Stevie Wonder,I Was Made To Love Her,1967,"11938162		",
15,Bobby Vee and The Strangers,Come Back When You Grow Up,1967,"290138		",
16,Buckinghams,Kind Of A Drag,1967,"	612766		",
17,Arthur Conley,Sweet Soul Music,1967,"	14474435		",
18,Soul Survivors,Expressway To Your Heart,1967,"	349967		",
19,Sam and Dave,Soul Man,1967,"	29327767		",
20,Association,Never My Love,1967,"1900548		",
21,Jay and The Techniques,"Apples, Peaches, Pumpkin Pie",1967,280359,
22,Every Mothers' Son,Come On Down To My Boat,1967,"325371		",
23,Strawberry Alarm Clock,Incense And Peppermints,1967,"	3209861		",
24,Rolling Stones,Ruby Tuesday,1967,"16841668		",
25,Vicki Carr,It Must Be Him,1967,"631075		",
26,Brenton Wood,Gimme Little Sign,1967,"3623924		",
27,Buffalo Springfield,For What It's Worth,1967,"92808661		",
28,Supremes,Love Is Here And Now You're Gone,1967,"	1402733		",
29,Supremes,The Happening,1967,"	3012733		",
30,Beatles,All You Need Is Love,1967,"37228030		",
31,Engelbert Humperdinck,Release Me (And Let Me Love Again),1967,"	1000		",
32,Marvin Gaye and Tammi Terrell,Your Precious Love,1967,"4738770		",
33,Jefferson Airplane,Somebody To Love,1967,"	42786915		",
34,Esquires,Get On Up,1967,"373440		",
35,Van Morrison,Brown Eyed Girl,1967,"179465009		",
36,Martha and The Vandella,Jimmy Mack,1967,"	5617771		",
37,Happenings,I Got Rhythm,1967,"	110643		",
38,Procol Harum,A Whiter Shade Of Pale,1967,"19406809		",
39,Buckinghams,Don't You Care,1967,"279791		",
40,Casinos,Then You Can Tell Me Goodbye,1967,"502765		",
41,Diana Ross and The Supremes,Reflections,1967,"	3884474		",
42,Hollies,On A Carousel,1967,"1833574		",
43,Bobby Vinton,Please Love Me Forever,1967,"	540828		",
44,Dionne Warwick,Alfie,1967,"	631132		",
45,Tremeloes,Silence Is Golden,1967,"	2242962		",
46,Ed Ames,My Cup Runneth Over,1967,"	228773		",
47,Fifth Dimension,"Up, Up And Away",1967,1462718,
48,Scott Mckenzie,San Francisco,1967,"33363496		",
49,Cowsills,"The Rain, The Park And Other Things",1967,3174001,
50,Herman's Hermits,There's A Kind Of Hush,1967,"1212867		",
51,Buckinghams,"Mercy, Mercy, Mercy",1967,418148,
52,Petula Clark,This Is My Song,1967,"532949		",
53,Jackie Wilson,(Your Love Keeps Lifting Me) Higher And Higher,1967,"47272819		",
54,Young Rascals,I've Been Lonely Too Long,1967,"173991		",
55,Beatles,Penny Lane,1967,"311626		",
56,Temptations,You're My Everything,1967,"29435462		",
57,Seekers,Georgy Girl,1967,"	3269441		",
58,Five Americans,Western Union,1967,"10534		",
59,Aretha Franklin,Baby I Love You,1967,"5884570		",
60,Monkees,"A Little Bit You, A Little Bit Me",1967,1867724,
61,Lesley Gore,California Nights,1967,"187214		",
62,Mama's and The Papa's,Dedicated To The One I Love,1967,"	1000		",
63,Young Rascals,How Can I Be Sure,1967,"	341008		",
64,Hollies,Carrie Ann,1967,"	5012889		",
65,Blue Magoos,(We Ain't Got) Nothin' Yet,1967,"	637843		",
66,Easy Beats,Friday On My Mind,1967,"6038048		",
67,Bar-Kays,Soul Finger,1967,"	5340668		",
68,Spencer Davis Group,Gimme Some Lovin',1967,"	20812662		",
69,Hombres,Let It Out (Let It All Hang Out),1967,"487070		",
70,Grass Roots,Let's Live For Today,1967,"2649781		",
71,Peaches and Herb,Close Your Eyes,1967,"	334016		",
72,Booker T and The MG's,Groovin',1967,"	387938		",
73,Wilson Pickett,Funky Broadway,1967,"1193242		",
74,Monkees,Pleasant Valley Sunday,1967,"2055289		",
75,Aretha Franklin,I Never Loved A Man (The Way I Love You),1967,"8221365		",
76,Aaron Neville,Tell It Like It Is,1967,"	6815477		",
77,James Brown and The Famous Flames,Cold Sweat,1967,"	3386760		",
78,Turtles,She'd Rather Be With Me,1967,"	3297320		",
79,Keith,98.6,1967,"390830		",
80,Ray Charles,Here We Go Again,1967,"	10222548		",
81,Jefferson Airplane,White Rabbit,1967,"49865242		",
82,Four Tops,Bernadette,1967,"	2636926		",
83,Sonny and Cher,The Beat Goes On,1967,"2903680		",
84,Royal Guardsmen,Snoopy Vs. The Red Baron,1967,"301051		",
85,Janis Ian,Society's Child,1967,"	121720		",
86,Neil Diamond,"Girl, You'll Be A Woman Soon",1967,6127648,
87,Marvin Gaye and Tammi Terrell,Ain't No Mountain High Enough,1967,"201057355		",
88,Sandy Posey,I Take It Back,1967,"	89016		",
89,Tremeloes,Here Comes My Baby,1967,"645472		",
90,Robert Knight,Everlasting Love,1967,"294080		",
91,"Peter, Paul and Mary",I Dig Rock And Roll Music,1967,551673,
92,Bill Cosby,Little Ole Man (Uptight-Everything's Alright),1967,"16187		", Spotify: Little Old Man (Up Tight Everything's Alright)
93,Electric Prunes,I Had Too Much To Dream Last Night,1967,"1709322		",
94,Monkees,Daydream Believer,1967,"	20192730		",
95,Johnny Rivers,Baby I Need Your Lovin',1967,"168107		",
96,Who,I Can See For Miles,1967,"	8118783		",
97,Tommy James and The Shondells,Mirage,1967,"227312		",
98,Tom Jones,"Green, Green Grass Of Home",1967,6995926,
99,Petula Clark,Don't Sleep In The Subway,1967,"774829		",
100,Neil Diamond,Thank The Lord For The Night Time,1967,"532896		",
1,Beatles,Hey Jude,1968,"71297498		",
2,Paul Mauriat,Love Is Blue,1968,"2160381		",
3,Bobby Goldsboro,Honey,1968,"	3169958		",
4,Otis Redding,(Sittin' On) The Dock Of The Bay,1968,"104300081		",
5,Rascals,People Got To Be Free,1968,"	600612		",
6,Cream,Sunshine Of Your Love,1968,"	68023254		",
7,Herb Alpert,This Guy's In Love With You,1968,"	4842746		",
8,Hugo Montenegro,"The Good, The Bad And The Ugly",1968,1363760,
9,Simon and Garfunkel,Mrs. Robinson,1968,"111152876		",
10,Archie Bell and The Drells,Tighten Up,1968,"3636744		",
11,Jeannie C. Riley,Harper Valley P.T.A.,1968,"	2780119		",
12,O.C. Smith,Little Green Apples,1968,"231486		",
13,Tommy James and The Shondells,"Mony, Mony",1968,3641998,
14,Doors,"Hello, I Love You",1968,12518264,
15,Gary Puckett and The Union Gap,Young Girl,1968,"5359097		",
16,Box Tops,Cry Like A Baby,1968,"614571		",
17,Fifth Dimension,Stoned Soul Picnic,1968,"659715		",
18,Hugh Masekela,Grazing In The Grass,1968,"1112086		",
19,Grass Roots,Midnight Confessions,1968,"748738		",
20,Sly and The Family Stone,Dance To The Music,1968,22774230,
21,Cliff Nobles and Co.,The Horse,1968,343717,
22,Temptations,I Wish It Would Rain,1968,7228337,
23,Delfonics,La-La Means I Love You,1968,7088859,
24,Vogues,"Turn Around, Look At Me",1968,352007,
25,John Fred and His Playboy Band,Judy In Disguise (With Glasses),1968,1000,
26,Classics IV,Spooky,1968,2095546,
27,Diana Ross and The Supremes,Love Child,1968,3357859,
28,Merrilee Rush,Angel Of The Morning,1968,719339,
29,Georgie Fame,The Ballad Of Bonnie And Clyde,1968,587910,
30,Mary Hopkin,Those Were The Days,1968,2920155,
31,Steppenwolf,Born To Be Wild,1968,75422669,
32,Intruders,Cowboys To Girls,1968,1929779,
33,1910 Fruitgum Company,Simon Says,1968,552736,
34,Gary Puckett and The Union Gap,Lady Willpower,1968,1062719,
35,Rascals,A Beautiful Morning,1968,2144939,
36,Sergio Mendes and Brasil '66,The Look Of Love,1968,1143404,
37,Johnny Nash,Hold Me Tight,1968,827228,
38,Ohio Express,"Yummy, Yummy, Yummy",1968,1485174,
39,Crazy World Of Arthur Brown,Fire,1968,2590197,
40,Troggs,Love Is All Around,1968,1806273,
41,Gene and Debbe,Playboy,1968,10759,
42,Dionne Warwick,(Theme From) Valley Of The Dolls,1968,552598,
43,Mason Williams,Classical Gas,1968,2922557,
44,Clarence Carter,Slip Away,1968,4904429,
45,O'Kaysions,Girl Watcher,1968,164916,
46,Aretha Franklin,(Sweet Sweet Baby) Since You've Been Gone,1968,1999561,
47,Lemon Pipers,Green Tambourine,1968,2827207,
48,1910 Fruitgum Company,"1, 2, 3, Red Light",1968,188396,
49,Friend and Lover,Reach Out Of The Darkness,1968,388976,
50,Rolling Stones,Jumpin' Jack Flash,1968,24154098,
51,Richard Harris,MacArthur Park,1968,998512,
52,Jose Feliciano,Light My Fire,1968,3833410,
53,People,I Love You,1968,NaN,Artist: The Zombie
54,Percy Sledge,Take Time To Know Her,1968,888908,
55,Status Quo,Pictures Of Matchstick Men,1968,498937,
56,Blue Cheer,Summertime Blues,1968,1113051,
57,Marvin Gaye and Tammi Terrell,Ain't Nothing Like The Real Thing,1968,7685617,
58,James Brown and The Famous Flames,I Got The Feelin',1968,3337941,
59,Bee Gees,I've Gotta Get A Message To You,1968,4066803,
60,Beatles,Lady Madonna,1968,13710931,
61,Donovan,Hurdy Gurdy Man,1968,11057785,
62,Steppenwolf,Magic Carpet Ride,1968,42602063,
63,Fireballs,Bottle Of Wine,1968,239392,
64,Dells,Stay In My Corner,1968,730409,
65,Willie Mitchell,Soul Serenade,1968,31136,
66,Tom Jones,Delilah,1968,11990628,
67,Human Beinz,Nobody But Me,1968,3919199,
68,Sam and Dave,I Thank You,1968,751080,
69,Sergio Mendes and Brasil '66,The Fool On The Hill,1968,1069863,
70,Eric Burdon and The Animals,Sky Pilot,1968,642284,
71,Cowsills,Indian Lake,1968,288104,
72,Tommy Boyce and Bobby Hart,I Wonder What She's Doing Tonight,1968,185132,
73,Gary Puckett and The Union Gap,Over You,1968,787610,
74,Lettermen,Goin' Out Of My Head / Can't Take My Eyes Off You,1968,399488,
75,Stevie Wonder,Shoo-Bee-Doo-Be-Doo-Da-Day,1968,1800414,
76,Irish Rovers,The Unicorn,1968,392426,
77,Vanilla Fudge,(You Keep Me) Hangin' On,1968,1561590,
78,Beatles,Revolution,1968,12876136,
79,Gary Puckett and The Union Gap,"Woman, Woman",1968,1062775,
80,Turtles,Elenore,1968,11675269,
81,Cream,White Room,1968,45651039,
82,Marvin Gaye and Tammi Terrell,You're All I Need To Get By,1968,12177190,
83,Foundations,"Baby, Now That I've Found You",1968,1241259,
84,Sweet Inspirations,Sweet Inspiration,1968,289757,
85,Smokey Robinson and The Miracles,If You Can Want,1968,293934,
86,Mills Brothers,Cab Driver,1968,258073,
87,Chambers Brothers,Time Has Come Today,1968,2079713,
88,Dionne Warwick,Do You Know The Way To San Jose,1968,3349983,
89,Simon and Garfunkel,Scarborough Fair / Canticle,1968,20339116,
90,James Brown and The Famous Flames,Say It Loud I'm Black And I'm Proud,1968,1180592,
91,Manfred Mann,The Mighty Quinn,1968,4682816,
92,Shorty Long,Here Comes The Judge,1968,63779,
93,Aretha Franklin,I Say A Little Prayer,1968,73432380,
94,Aretha Franklin,Think,1968,44177032,
95,Gary Lewis and The Playboys,Sealed With A Kiss,1968,122581,
96,Big Brother and The Holding Company,Piece Of My Heart,1968,48954611,
97,Creedence Clearwater Revival,Suzie Q.,1968,7558018,
98,American Breed,Bend Me Shape Me,1968,442519,
99,Jerry Butler,"Hey, Western Union Man",1968,111848,
100,Jerry Butler,Never Give You Up,1968,1210714,
1,Archies,"Sugar, Sugar",1969,50009972,
2,Fifth Dimension,Aquarius / Let The Sunshine In,1969,11308691,
3,Temptations,I Can't Get Next To You,1969,4868501,
4,Rolling Stones,Honky Tonk Women,1969,31163770,
5,Sly and The Family Stone,Everyday People,1969,49029109,
6,Tommy Roe,Dizzy,1969,2289433,
7,Sly and The Family Stone,Hot Fun In The Summertime,1969,3603866,
8,Tom Jones,I'll Never Fall In Love Again,1969,2488918,
9,Foundations,Build Me Up Buttercup,1969,28832177,
10,Tommy James and The Shondells,Crimson And Clover,1969,11905252,
11,Three Dog Night,One,1969,6394149,
12,Tommy James and The Shondells,Crystal Blue Persuasion,1969,3143091,
13,Cowsills,Hair,1969,259696,
14,Marvin Gaye,Too Busy Thinking About My Baby,1969,3314326,
15,Henry Mancini and His Orch.,Love Theme From Romeo And Juliet,1969,1011300,
16,Youngbloods,Get Together,1969,4951529,
17,Friends Of Distinction,Grazin' In The Grass,1969,1278342,
18,Elvis Presley,Suspicious Minds,1969,76262262,
19,Creedence Clearwater Revival,Proud Mary,1969,42019403,
20,Jr. Walker and The All Stars,What Does It Take (To Win Your Love),1969,1749455,
21,Isley Brothers,It's Your Thing,1969,28175220,
22,Neil Diamond,Sweet Caroline,1969,72737534,
23,Oliver,Jean,1969,121284,
24,Creedence Clearwater Revival,Bad Moon Rising,1969,115917311,
25,Beatles,Get Back,1969,27161082,
26,Zager and Evans,In The Year 2525,1969,5177087,
27,"Blood, Sweat and Tears",Spinning Wheel,1969,4195660,
28,Andy Kim,"Baby, I Love You",1969,1554,Only karaoke version
29,Friends Of Distinction,Going In Circles,1969,181315,
30,Lettermen,Hurt So Bad,1969,140938,
31,Creedence Clearwater Revival,Green River,1969,19147069,
32,Stevie Wonder,My Cherie Amour,1969,15409195,
33,Three Dog Night,Easy To Be Hard,1969,1174006,
34,Smith,Baby It's You,1969,2775811,
35,Elvis Presley,In The Ghetto,1969,43512214,
36,Johnny Cash,A Boy Named Sue,1969,28269065,
37,Smokey Robinson and The Miracles,"Baby, Baby Don't Cry",1969,979415,
38,Jerry Butler,Only The Strong Survive,1969,725955,
39,Zombies,Time Of The Season,1969,40561780,
40,Fifth Dimension,Wedding Bell Blues,1969,1904448,
41,Bobby Sherman,Little Woman,1969,28884,
42,Mercy,Love (Can Make You Happy),1969,192564,
43,Oliver,Good Morning Starshine,1969,406091,
44,Guess Who,These Eyes,1969,7675817,
45,"Blood, Sweat and Tears",You've Made Me So Very Happy,1969,2652093,
46,Jackie DeShannon,Put A Little Love In Your Heart,1969,1167284,
47,Watts 103rd Street Rhythm Band,Do Your Thing,1969,400774,
48,Grass Roots,I'd Wait A Million Years,1969,793077,
49,Doors,Touch Me,1969,12795349,
50,Spiral Starecase,More Today Than Yesterday,1969,1062626,
51,Sammy Davis Jr.,I've Gotta Be Me,1969,647269,
52,Bob Dylan,Lay Lady Lay,1969,28002786,
53,Donovan,Atlantis,1969,2640311,
54,Dennis Yost and The Classics IV,Traces,1969,77247,
55,Mama Cass Elliot,It's Getting Better,1969,1356030,
56,Jay and The Americans,This Magic Moment,1969,1002589,
57,Temptations,"Run Away Child, Running Wild",1969,37779,
58,Ventures,Hawaii Five-O,1969,2718842,
59,Glen Campbell,Galveston,1969,3354111,
60,Lou Christie,I'm Gonna Make You Mine,1969,285913,
61,Ray Stevens,Gitarzan,1969,115612,
62,Tyrone Davis,Can I Change My Mind,1969,1826388,
63,Booker T and The MG's,Time Is Tight,1969,1830732,
64,Dionne Warwick,This Girl's In Love With You,1969,243874,
65,Winstons,Color Him Father,1969,131309,
66,"Sonny Charles and The Checkmates, Ltd.",Black Pearl,1969,145877,
67,1910 Fruitgum Company,Indian Giver,1969,100205,
68,James Brown,Mother Popcorn (Part I),1969,1692313,
69,Edwin Starr,Twenty-five Miles,1969,3966098,
70,New Colony Six,Things I'd Like To Say,1969,14821,
71,Motherlode,When I Die,1969,11899,
72,Marvin Gaye,That's The Way Love Is,1969,1231338,
73,Nilsson,Everybody's Talkin',1969,4452345,
74,Brooklyn Bridge,Worst That Could Happen,1969,28952640,
75,Joe Simon,Chokin' Kind,1969,390349,
76,Flying Machine,Smile A Little Smile For Me,1969,208803,
77,Tony Joe White,Polk Salad Annie,1969,2683579,
78,Kenny Rogers and The First Edition,"Ruby, Don't Take Your Love To Town",1969,6029763,
79,Joe South,Games People Play,1969,1685229,
80,Turtles,You Showed Me,1969,2034830,
81,Cuff Links,Tracy,1969,243798,
82,Dells,"Oh, What A Night",1969,1991034,"Original Title: Oh, What a Nite"
83,Beatles,Something,1969,37384485,
84,Gary Puckett and The Union Gap,This Girl Is A Woman Now,1969,457270,
85,Beatles,Come Together,1969,87467921,
86,Bob Seger System,Ramblin' Gamblin' Man,1969,3306569,
87,Diana Ross and The Supremes and The Temptations,I'm Gonna Make You Love Me,1969,3870569,
88,Marvin Gaye,I Heard It Through The Grapevine,1969,73644587,
89,Crazy Elephant,Gimme Gimme Good Lovin',1969,134693,
90,Booker T and The MG's,Hang 'Em High,1969,277978,
91,Lou Rawls,Your Good Thing (Is About To End),1969,23102,
92,Originals,Baby I'm For Real,1969,2063514,
93,Edwin Hawkins Singers,Oh Happy Day,1969,4019864,
94,Tom Jones,Love Me Tonight,1969,834426,
95,Paul Revere and The Raiders,"Mr. Sun, Mr. Moon",1969,100456,
96,Guess Who,Laughing,1969,994472,
97,David Ruffin,My Whole World Ended (The Moment You Left Me),1969,1161397,
98,Box Tops,Soul Deep,1969,306962,
99,B.J. Thomas,Hooked On A Feeling,1969,2960882,
100,Box Tops,Sweet Cream Ladies,1969,72768,
