,Rank,RankPowerlaw,Artist,Title,Year,SpotifyPlayCount,WikiWordCount,Year_awards,Awards,Artist_award,awardscore
518,11,20.54380234,Barbra Streisand,People,1964,1096736,9030,1964,Best Accompaniment Arrangement For Vocalist(s) Or Instrumentalist(s),Peter Matz,1
343,60,6.705330284,Henry Mancini,Moon River,1962,2813365,2486,1961,Best Arrangement,Henry Mancini,1
814,3,48.42838339,Bobby Gentry,Ode To Billie Joe,1967,170998,1880,1967,"Best Arrangement Accompanying A Vocalist Or Instrumentalist,Best Contemporary Female Solo Vocal Performance",Jimmie Haskell,1
983,27,11.35794904,"Blood, Sweat and Tears",Spinning Wheel,1969,4195660,940,1969,Best Arrangement Accompanying Vocalist(s),Fred Lipsius,1
473,82,5.456106733,Allan Sherman,"Hello Muddah, Hello Faddah! (A Letter from Camp)",1963,445104,3735,1963,Best Comedy Performance,Allan Sherman,1
724,7,27.68441135,The Mamas and The Papas,"Monday, Monday",1966,16358219,5544,1966,"Best Contemporary (R&R) Group Performance, Vocal Or Instrumental",Mamas And The Papas,1
735,18,14.84294734,The New Vaudeville Band,Winchester Cathedral,1966,312103,415,1966,"Best Contemporary (R&R) Group Performance, Vocal Or Instrumental",New Vaudeville Band,1
974,15,16.74093727,Henry Mancini and His Orch.,Love Theme From Romeo And Juliet,1969,1011300,2486,1969,Best Contemporary Performance By A Chorus,Percy Faith Chorus,1
776,9,23.45308318,Simon and Garfunkel,Mrs. Robinson,1968,111152876,5561,1968,Best Contemporary Pop Performance - Vocal Duo Or Group,Simon And Garfunkel,1
934,43,8.35431448,Mason Williams,Classical Gas,1968,2922557,1908,1968,"Best Contemporary Pop Performance, Instrumental",Mason Williams,1
941,52,7.369496097,Jose Feliciano,Light My Fire,1968,3833410,3275,1968,"Best Contemporary Pop Vocal Performance, Male",Jose Feliciano,1
1009,79,5.59198657,Joe South,Games People Play,1969,1685229,1107,1969,Best Contemporary Song,Joe South,1
663,8,25.34898699,Tom Jones,I'll Never Fall In Love Again,1969,2488918,4556,1970,"Best Contemporary Vocal Performance, Female",Dionne Warwick,1
1002,73,5.891242669,Harry Nilsson,Everybody's Talkin',1969,28984946,5091,1969,"Best Contemporary Vocal Performance, Male",Harry Nilsson,1
59,15,16.74093727,Marty Robbins,El Paso,1960,8663683,1930,1960,Best Country & Western Performance,Marty Robbins,1
274,86,5.287264321,Jimmy Dean,Big Bad John,1961,2739818,1804,1961,Best Country & Western Recording,Jimmy Dean,1
328,82,5.456106733,Burl Ives,Funny Way Of Laughin',1962,63127,2470,1962,Best Country & Western Recording,Burl Ives,1
784,72,5.945119004,David Houston,Almost Persuaded,1966,245192,583,1966,"Best Country & Western Recording, Best Country & Western Song, Best Country & Western Vocal Performance, Male",David Houston,1
599,83,5.412631479,Roger Miller,Dang Me,1964,1148328,3536,1964,Best Country & Western Song,Roger Miller,1
854,89,5.168953147,The Tremeloes,Here Comes My Baby,1967,645472,1669,1964,Best Country & Western Vocal Performance - Female,Dottie West,1
598,83,5.412631479,Roger Miller,Dang Me,1964,1148328,3536,1964,Best Country & Western Vocal Performance - Male,Roger Miller,1
940,51,7.4645509,Richard Harris,MacArthur Park,1968,998512,3259,1969,Best Country Performance By A Duo Or Group With Vocal,Kimberlys,1
181,98,4.850547815,Maurice Williams and the Zodiacs,Stay,1960,17445583,790,2008,"Best Country Performance By A Duo Or Group With Vocals,Best Country Song",Sugarland,2
902,12,19.39725958,O.C. Smith,Little Green Apples,1968,231486,747,1968,Best Country Song,Bobby Russell,1
470,36,9.393779234,Johnny Cash,A Boy Named Sue,1969,28269065,8874,1969,"Best Country Song,Best Country Vocal Performance, Male",Johnny Cash,2
65,4,40.05349388,Roy Orbison,Crying,1961,10605581,8654,1988,Best Country Vocal Collaboration,Roy Orbison,1
187,2,63.2878297,Patsy Cline,I Fall To Pieces,1961,8098285,8503,1994,Best Country Vocal Collaboration,Aaron Neville,1
101,73,5.891242669,Bobby Darin,If I Were A Carpenter,1966,787790,3031,1970,Best Country Vocal Performance By A Duo Or Group,Johnny Cash,1
325,41,8.621099442,Clyde McPhatter,Lover Please,1962,169633,1688,1975,Best Country Vocal Performance By A Duo Or Group,Kris Kristofferson,1
17,26,11.64441273,Brenda Lee,Break It To Me Gently,1962,1564747,2547,1982,"Best Country Vocal Performance, Female",Juice Newton,1
900,11,20.54380234,Jeannie C. Riley,Harper Valley P.T.A.,1968,2780119,1067,1968,"Best Country Vocal Performance, Female",Jeannie C. Riley,1
154,78,5.63920084,Ray Charles,Georgia On My Mind,1960,203180,6315,1978,"Best Country Vocal Performance, Male",Willie Nelson,1
953,83,5.412631479,The Foundations,"Baby, Now That I've Found You",1968,1241259,3982,1995,Best Female Country Vocal Performance,Alison Krauss,1
375,17,15.41358678,"Peter, Paul and Mary",Blowin' In The Wind,1963,2388954,1386,1963,"Best Folk Recording, Best Performance By A Chorus",Peter,1
372,98,4.850547815,"Peter, Paul and Mary",If I Had A Hammer,1962,650774,1386,1962,"Best Folk Recording, Best Performance By A Chorus",Peter,1
536,86,5.287264321,Peter and Gordon,Woman,1966,183303,951,2006,Best Hard Rock Performance,Wolfmother,1
545,44,8.228510611,Dionne Warwick,Alfie,1967,631132,7251,1967,Best Instrumental Arrangement,Burt Bacharach,1
973,15,16.74093727,Henry Mancini and His Orch.,Love Theme From Romeo And Juliet,1969,1011300,2486,1969,Best Instrumental Arrangement,Henry Mancini,1
702,11,20.54380234,The Lovin' Spoonful,Summer In The City,1966,23790469,2804,1973,Best Instrumental Arrangement,Quincy Jones,1
935,43,8.35431448,Mason Williams,Classical Gas,1968,2922557,1908,1968,"Best Instrumental Arrangement,Best Instrumental Theme",Mason Williams,2
831,51,7.4645509,The Buckinghams,"Mercy, Mercy, Mercy",1967,418148,2064,1967,"Best Instrumental Jazz Performance, Small Group Or Soloist With Small Group",Cannonball Adderley,1
677,48,7.769280177,The Yardbirds,For Your Love,1965,8967649,5119,1995,"Best Male R&B Vocal Performance,Best Rhythm & Blues Song",Stevie Wonder,2
971,11,20.54380234,Three Dog Night,One,1969,6394149,2291,1989,Best Metal Performance,Metallica,1
479,13,18.39913422,The Beatles,A Hard Day's Night,1964,34734369,14112,1964,Best Performance By A Chorus,Beatles,1
519,12,19.39725958,Al Hirt,Java,1964,362090,961,1963,Best Performance By An Orchestra Or Instrumentalist With Orchestra - Primarily Not Jazz Or For Dancing,Al Hirt,1
159,80,5.545754095,Ray Charles,Here We Go Again,1967,10222548,6315,2004,"Best Pop Collaboration With Vocals,Record Of The Year",Norah Jones,3
580,69,6.114481004,Joe Hinton,Funny How Time Slips Away,1964,16014,282,1994,Best Pop Vocal Collaboration,Al Green,1
35,8,25.34898699,Jimmy Jones,Handy Man,1960,564091,461,1977,"Best Pop Vocal Performance, Male",James Taylor,1
173,37,9.225435188,Johnny Tillotson,Without You,1961,146415,1278,1972,"Best Pop Vocal Performance, Male",Harry Nilsson,1
1010,79,5.59198657,Joe South,Games People Play,1969,1685229,1107,1969,Best R&B Instrumental Performance,King Curtis,1
666,30,10.59497587,The McCoys,Hang On Sloopy,1965,5522188,499,1973,Best R&B Instrumental Performance,Ramsey Lewis,1
498,83,5.412631479,The Beatles,Something,1969,37384485,14112,2013,Best R&B Performance,Lalah Hathaway,1
322,21,13.40711287,The Isley Brothers,It's Your Thing,1969,28175220,2160,1969,Best R&B Vocal Performance By A Duo Or Group,Isley Brothers,1
963,19,14.32262507,Creedence Clearwater Revival,Proud Mary,1969,42019403,4772,1971,Best R&B Vocal Performance By A Group,Ike,1
845,57,6.936215781,Marvin Gaye and Tammi Terrell,Ain't Nothing Like The Real Thing,1968,7685617,581,1974,"Best R&B Vocal Performance, Female",Aretha Franklin,1
632,22,13.00172664,Petula Clark,My Love,1966,394047,4478,2006,Best Rap/Sung Collaboration,Justin Timberlake,1
834,19,14.32262507,Sam and Dave,Soul Man,1967,29327767,4812,1967,"Best Rhythm & Blues Group Performance, Vocal Or Instrumental",Sam And Dave,1
155,19,14.32262507,Ray Charles,Hit The Road Jack,1961,34945564,6315,1961,Best Rhythm & Blues Recording,Ray Charles,1
821,13,18.39913422,Aretha Franklin,Respect,1967,116863662,4631,1967,"Best Rhythm & Blues Recording,Best Rhythm & Blues Solo Vocal Performance, Female",Aretha Franklin,2
997,65,6.360293906,The Winstons,Color Him Father,1969,131309,260,1969,Best Rhythm & Blues Song,Richard Spencer,1
358,74,5.838577711,Dickey Lee,Patches,1962,22266,457,1970,Best Rhythm & Blues Song,General Johnson,1
892,4,40.05349388,Otis Redding,(Sittin' On) The Dock Of The Bay,1968,104300081,5475,1968,"Best Rhythm & Blues Song,Best Rhythm & Blues Vocal Performance, Male",Otis Redding,2
320,37,9.225435188,Bent Fabric,Alley Cat,1962,145527,630,1962,Best Rock & Roll Recording,Bent Fabric,1
413,19,14.32262507,Nino Tempo and April Stevens,Deep Purple,1963,297983,554,1963,Best Rock & Roll Recording,April Stevens,1
630,6,30.6492728,Petula Clark,Downtown,1965,7403339,4478,1964,Best Rock & Roll Recording,Petula Clark,1
40,94,4.985808764,Chubby Checker,Let's Twist Again,1961,13359395,1911,1961,Best Rock & Roll Recording,Chubby Checker,1
899,10,21.87761624,Archie Bell and The Drells,Tighten Up,1968,3636744,929,2010,Best Rock Performance By A Duo Or Group With Vocals,The Black Keys,1
34,35,9.570069478,Elvis Presley,In The Ghetto,1969,43512214,19509,1974,Best Soul Gospel Performance,James Cleveland,1
1016,93,5.021127552,Edwin Hawkins Singers,Oh Happy Day,1969,4019864,785,1969,Best Soul Gospel Performance,Edwin Hawkins Singers,1
707,91,5.093692001,Little Anthony and the Imperials,Take Me Back,1965,130936,2557,1975,Best Soul Gospel Performance,Andrae Crouch,1
576,81,5.500471104,Bobby Goldsboro,Little Things,1965,80093,618,2002,Best Urban/Alternative Performance,India.Arie,1
812,3,48.42838339,Bobby Gentry,Ode To Billie Joe,1967,170998,1880,1967,"Best Vocal Performance, Female",Bobbie Gentry,1
517,11,20.54380234,Barbra Streisand,People,1964,1096736,9030,1964,"Best Vocal Performance, Female",Barbra Streisand,1
501,3,48.42838339,Louis Armstrong,"Hello, Dolly!",1964,3378654,9607,1964,"Best Vocal Performance, Male, Song Of The Year",Louis Armstrong,3
775,9,23.45308318,Simon and Garfunkel,Mrs. Robinson,1968,111152876,5561,1968,Record Of The Year,Simon And Garfunkel*,2
0,1,100,Percy Faith,"Theme From ""A Summer Place""",1960,5001152,1180,1960,Record Of The Year,Percy Faith,2
341,60,6.705330284,Henry Mancini,Moon River,1962,2813365,2486,1961,"Record Of The Year ,Song Of The Year",Henry Mancini,4
861,47,7.877989793,The 5th Dimension,"Up, Up And Away",1967,1462718,2394,1967,"Record Of The Year, Song Of The year,Best Contemporary Group Performance (Vocal Or Instrumental),Best Contemporary Single,Best Performance By A Chorus",5th Dimension,7
1008,79,5.59198657,Joe South,Games People Play,1969,1685229,1107,1969,Song Of The Year,Joe South,2
901,12,19.39725958,O.C. Smith,Little Green Apples,1968,231486,747,1968,Song Of The Year,Bobby Russell,2
883,79,5.59198657,Keith,98.6,1967,390830,414,,,,
277,96,4.917008807,Eddie Hodges,"(Girls, Girls, Girls) Made To Love",1962,30625,688,,,,
618,3,48.42838339,The Rolling Stones,(I Can't Get No) Satisfaction,1965,120360439,13638,,,,
235,43,8.35431448,"Clarence ""Frogman"" Henry",(I Don't Know Why) But I Do,1961,1646381,553,,,,
578,64,6.425711417,The Reflections,(Just Like) Romeo and Juliet,1964,182525,623,,,,
26,71,6.000251993,Elvis Presley,(Marie's The Name) His Latest Flame,1961,6579517,19509,,,,
825,46,7.990608098,Aretha Franklin,(Sweet Sweet Baby) Since You've Been Gone,1968,1999561,4631,,,,
347,63,6.49284802,Gene Pitney,(The Man Who Shot) Liberty Valance,1962,782084,2010,,,,
546,42,8.485070759,Dionne Warwick,(Theme From) Valley Of The Dolls,1968,552598,7251,,,,
870,65,6.360293906,Blue Magoos,(We Ain't Got) Nothin' Yet,1967,637843,846,,,,
601,85,5.328236693,Nancy Wilson,(You Don't Know) How Glad I Am,1964,857873,8448,,,,
952,77,5.687430745,Vanilla Fudge,(You Keep Me) Hangin' On,1968,1561590,1607,,,,
107,53,7.277428145,Jackie Wilson,(Your Love Keeps Lifting Me) Higher And Higher,1967,47272819,4542,,,,
629,3,48.42838339,The Righteous Brothers,(You're My) Soul and Inspiration,1966,2009018,2690,,,,
30,69,6.114481004,Elvis Presley,(You're the) Devil in Disguise,1963,16593049,19509,,,,
924,48,7.769280177,1910 Fruitgum Company,"1, 2, 3, Red Light",1968,188396,578,,,,
621,62,6.561777272,The Rolling Stones,19th Nervous Breakdown,1966,5316930,13638,,,,
476,99,4.818155049,Bobby Bare,500 Miles,1963,2379488,1533,,,,
797,100,4.786300923,Wilson Pickett,634-5789,1966,973614,3001,,,,
718,5,34.56844127,? and the Mysterians,96 Tears,1966,3040043,1979,,,,
894,35,9.570069478,The Rascals,A Beautiful Morning,1968,2144939,2093,,,,
132,96,4.917008807,Andy Williams,A Fool Never Learns,1964,137312,3980,,,,
757,34,9.754924552,The Mindbenders,A Groovy Kind of Love,1966,1144597,978,,,,
217,26,11.64441273,Gene Mcdaniels,A Hundred Pounds Of Clay,1961,213849,909,,,,
721,60,6.705330284,The Monkees,"A Little Bit You, A Little Bit Me",1967,1867724,18620,,,,
327,46,7.990608098,Burl Ives,A Little Bitty Tear,1962,300810,2470,,,,
129,55,7.101672245,Jimmy Charles,A Million To One,1960,57306,334,,,,
88,75,5.787081068,Dinah Washington and Brook Benton,A Rockin' Good Way,1960,881349,1481,,,,
565,50,7.562750921,Chad and Jeremy,A Summer Song,1964,2344444,1030,,,,
363,83,5.412631479,Billy Vaughn,A Swingin' Safari,1962,390073,715,,,,
676,47,7.877989793,Horst Jankowski,A Walk in the Black Forest,1965,266055,493,,,,
851,38,9.064478563,Procol Harum,A Whiter Shade Of Pale,1967,19406809,2788,,,,
532,30,10.59497587,Peter and Gordon,A World Without Love,1964,2782696,951,,,,
345,61,6.632577127,Ray Stevens,Ahab The Arab,1962,194946,2640,,,,
844,87,5.247075258,Marvin Gaye and Tammi Terrell,Ain't No Mountain High Enough,1967,201057355,581,,,,
583,48,7.769280177,The Temptations,Ain't Too Proud to Beg,1966,26620715,9519,,,,
329,48,7.769280177,Emilio Pericoli,Al Di La,1962,58051,208,,,,
593,62,6.561777272,The Kinks,All Day and All of the Night,1965,46065659,9987,,,,
705,90,5.130975533,Cher,All I Really Want to Do,1965,764751,12651,,,,
493,30,10.59497587,The Beatles,All You Need Is Love,1967,37228030,14112,,,,
61,16,16.04282372,Hollywood Argyles,Alley Oop,1960,218008,564,,,,
46,73,5.891242669,Connie Francis,Among My Souvenirs,1960,1725415,4607,,,,
270,76,5.736711756,Rosie and The Originals,Angel Baby,1961,3204938,827,,,,
917,28,11.08857401,Merrilee Rush,Angel Of The Morning,1968,719339,916,,,,
95,88,5.207645782,Sam Cooke,Another Saturday Night,1963,5407127,2895,,,,
543,71,6.000251993,Dionne Warwick,Anyone Who Had a Heart,1964,1556585,7251,,,,
228,35,9.570069478,Jorgen Ingmann,Apache,1961,148229,524,,,,
836,21,13.40711287,Jay and The Techniques,"Apples, Peaches, Pumpkin Pie",1967,280359,346,,,,
863,2,63.2878297,The 5th Dimension,Aquarius / Let The Sunshine In,1969,11308691,2394,,,,
27,96,4.917008807,Elvis Presley,Are You Lonesome Tonight?,1961,11573507,19509,,,,
236,44,8.228510611,Kokomo,Asia Minor,1961,38898,751,,,,
752,53,7.277428145,Donovan,Atlantis,1969,2640311,6108,,,,
260,39,8.910403258,Carla Thomas,B-A-B-Y,1966,9284829,1161,,,,
87,27,11.35794904,Dinah Washington and Brook Benton,Baby (You've Got What It Takes),1960,5561544,1481,,,,
264,66,6.296526022,The Echoes,Baby Blue,1961,29769,2474,,,,
646,72,5.945119004,Sonny and Cher,Baby Don't Go,1965,759198,2377,,,,
823,59,6.780124557,Aretha Franklin,Baby I Love You,1967,5884570,4631,,,,
557,95,4.951108236,Johnny Rivers,Baby I Need Your Lovin',1967,168107,1516,,,,
570,57,6.936215781,The Four Tops,Baby I Need Your Loving,1964,5096779,3598,,,,
1015,92,5.057082445,The Originals,Baby I'm For Real,1969,2063514,4253,,,,
440,38,9.064478563,Barbara Lewis,Baby I'm Yours,1965,1960486,703,,,,
204,44,8.228510611,The Shirelles,Baby It's You,1962,1378449,2186,,,,
986,34,9.754924552,Smith,Baby It's You,1969,2775811,465,,,,
507,33,9.949031357,The Supremes,Baby Love,1964,44450809,5042,,,,
804,92,5.057082445,Slim Harpo,Baby Scratch My Back,1966,387232,1856,,,,
265,67,6.234342105,Buzz Clifford,Baby Sittin' Boogie,1961,91330,544,,,,
684,53,7.277428145,Glenn Yarbrough,Baby the Rain Must Fall,1965,115695,748,,,,
106,71,6.000251993,Jackie Wilson,Baby Workout,1963,563065,4542,,,,
957,37,9.225435188,Smokey Robinson and The Miracles,"Baby, Baby Don't Cry",1969,979415,5609,,,,
985,28,11.08857401,Andy Kim,"Baby, I Love You",1969,1554,1004,,,,
509,37,9.225435188,The Supremes,Back in My Arms Again,1965,2866058,5042,,,,
964,24,12.27610461,Creedence Clearwater Revival,Bad Moon Rising,1969,115917311,4772,,,,
524,97,4.883493965,Billy J. Kramer and The Dakotas,Bad to Me,1964,1302962,1328,,,,
714,1,100,SSgt Barry Sadler,Ballad of the Green Berets,1966,956352,1513,,,,
706,60,6.705330284,Cher,Bang Bang (My Baby Shot Me Down),1966,1284773,12651,,,,
387,79,5.59198657,The Beach Boys,Barbara Ann,1966,11933298,15103,,,,
778,58,6.857053284,Robert Parker,Barefootin',1966,711657,215,,,,
441,45,8.107365283,The Ronettes,Be My Baby,1963,56249804,4527,,,,
177,90,5.130975533,Johnny and The Hurricanes,Beatnik Fly,1960,6058,708,,,,
584,65,6.360293906,The Temptations,Beauty Is Only Skin Deep,1966,2352110,9519,,,,
528,63,6.49284802,The Dave Clark Five,Because,1964,233636,1911,,,,
109,37,9.225435188,Duane Eddy,Because They're Young,1960,293238,1636,,,,
966,98,4.850547815,The American Breed,"Bend Me, Shape Me",1968,849143,945,,,,
617,82,5.456106733,Four Tops,Bernadette,1967,2636926,3598,,,,
97,32,10.15315495,Bobby Darin,Beyond The Sea,1960,25328489,3031,,,,
803,89,5.168953147,Los Bravos,Black Is Black,1966,5988974,562,,,,
998,66,6.296526022,"Sonny Charles and The Checkmates, Ltd.",Black Pearl,1969,145877,229,,,,
426,30,10.59497587,Eydie Gorme,Blame It On The Bossa Nova,1963,91784,1750,,,,
269,73,5.891242669,Tony Orlando,Bless You,1961,73268,2129,,,,
232,40,8.762749681,Marcels,Blue Moon,1961,6629781,302,,,,
286,52,7.369496097,Bobby Vinton,Blue on Blue,1963,862958,1732,,,,
285,6,30.6492728,Bobby Vinton,Blue Velvet,1963,8522784,1732,,,,
759,37,9.225435188,Sandy Posey,Born a Woman,1966,7920,936,,,,
727,12,19.39725958,Roger Williams,Born Free,1966,67131,5121,,,,
920,31,10.36815025,Steppenwolf,Born To Be Wild,1968,75422669,2216,,,,
31,95,4.951108236,Elvis Presley,Bossa Nova Baby,1963,1003366,19509,,,,
945,63,6.49284802,The Fireballs,Bottle Of Wine,1968,239392,673,,,,
531,26,11.64441273,The Newbeats,Bread and Butter,1964,469577,566,,,,
48,80,5.545754095,Connie Francis,Breakin' In A Brand New Broken Heart,1961,184122,4607,,,,
153,15,16.74093727,Neil Sedaka,Breaking Up Is Hard To Do,1962,6350083,7962,,,,
210,22,13.00172664,The Dovells,Bristol Stomp,1961,310096,591,,,,
850,35,9.570069478,Van Morrison,Brown Eyed Girl,1967,179465009,11331,,,,
954,9,23.45308318,The Foundations,Build Me Up Buttercup,1969,28832177,3982,,,,
58,35,9.570069478,Jack Scott,Burning Bridges,1960,123257,551,,,,
764,45,8.107365283,The Hollies,Bus Stop,1966,14087286,5105,,,,
958,86,5.287264321,The Mills Brothers,Cab Driver,1968,258073,1761,,,,
199,11,20.54380234,Lawrence Welk,Calcutta,1961,220024,3370,,,,
152,33,9.949031357,Neil Sedaka,Calendar Girl,1961,6665463,7962,,,,
725,10,21.87761624,The Mamas and The Papas,California Dreamin',1966,86019253,5544,,,,
384,49,7.664266318,The Beach Boys,California Girls,1965,15339865,15103,,,,
410,61,6.632577127,Lesley Gore,California Nights,1967,187214,1455,,,,
996,62,6.561777272,Tyrone Davis,Can I Change My Mind,1969,1826388,700,,,,
444,50,7.562750921,The Four Seasons,Candy Girl,1963,1216330,4256,,,,
483,52,7.369496097,The Beatles,Can't Buy Me Love,1964,26066160,14112,,,,
131,11,20.54380234,Andy Williams,Can't Get Used To Losing You,1963,2633306,3980,,,,
29,57,6.936215781,Elvis Presley,Can't Help Falling In Love,1962,105024049,19509,,,,
819,10,21.87761624,Frankie Valli,Can't Take My Eyes Off You,1967,34519703,2457,,,,
635,8,25.34898699,Herman's Hermits,Can't You Hear My Heartbeat,1965,594503,2048,,,,
529,67,6.234342105,The Dave Clark Five,Can't You See That She's Mine,1964,5883,1911,,,,
316,24,12.27610461,Jay and The Americans,Cara Mia,1965,801564,978,,,,
766,64,6.425711417,The Hollies,Carrie Ann,1967,5012889,5105,,,,
657,26,11.64441273,Sounds Orchestral,Cast Your Fate to the Wind,1965,183364,821,,,,
2,3,48.42838339,The Everly Brothers,Cathy's Clown,1960,4180758,4114,,,,
90,29,10.83471074,Sam Cooke,Chain Gang,1960,21685399,2895,,,,
526,21,13.40711287,The Dixie Cups,Chapel of Love,1964,6887338,963,,,,
715,2,63.2878297,The Association,Cherish,1966,1293933,3791,,,,
160,79,5.59198657,Skip and Flip,Cherry Pie,1960,21703,429,,,,
788,75,5.787081068,Neil Diamond,"Cherry, Cherry",1966,2762644,5853,,,,
1004,75,5.787081068,Joe Simon,Chokin' Kind,1969,390349,2638,,,,
597,82,5.456106733,Roger Miller,Chug-a-Lug,1964,1614734,3536,,,,
353,69,6.114481004,Johnny Crawford,Cindy's Birthday,1962,97730,1048,,,,
878,71,6.000251993,Peaches and Herb,Close Your Eyes,1967,334016,1567,,,,
569,54,7.188199443,Bobby Freeman,C'mon and Swim,1964,14701,581,,,,
880,77,5.687430745,James Brown and The Famous Flames,Cold Sweat,1967,3386760,3416,,,,
315,29,10.83471074,Jay and The Americans,Come a Little Bit Closer,1964,14422507,978,,,,
428,94,4.985808764,Martha and The Vandellas,Come and Get These Memories,1963,447078,2807,,,,
828,15,16.74093727,Bobby Vee and The Strangers,Come Back When You Grow Up,1967,290138,1614,,,,
837,22,13.00172664,Every Mothers' Son,Come On Down To My Boat,1967,325371,671,,,,
499,85,5.328236693,The Beatles,Come Together,1969,87467921,14112,,,,
21,70,6.056689273,Brenda Lee,Coming On Strong,1966,69312,2547,,,,
758,36,9.393779234,The Capitols,Cool Jerk,1966,1499894,879,,,,
520,84,5.370017132,Al Hirt,Cotton Candy,1964,45946,961,,,,
190,36,9.393779234,The Highwaymen,Cotton Fields,1962,59450,1027,,,,
650,61,6.632577127,Gary Lewis and The Playboys,Count Me In,1965,504105,972,,,,
922,32,10.15315495,The Intruders,Cowboys To Girls,1968,1929779,1068,,,,
9,45,8.107365283,Johnny Preston,Cradle Of Love,1960,232921,444,,,,
740,10,21.87761624,Tommy James and The Shondells,Crimson And Clover,1969,11905252,1387,,,,
449,53,7.277428145,Garnet Mimms and the Enchanters,Cry Baby,1963,482015,844,,,,
809,16,16.04282372,The Box Tops,Cry Like A Baby,1968,614571,1953,,,,
32,9,23.45308318,Elvis Presley,Crying in the Chapel,1965,4109700,19509,,,,
7,47,7.877989793,The Everly Brothers,Crying In The Rain,1962,3014478,4114,,,,
741,12,19.39725958,Tommy James and The Shondells,Crystal Blue Persuasion,1969,3143091,1387,,,,
356,56,7.017717833,The Crystals,Da Doo Ron Ron,1963,6562159,1856,,,,
233,41,8.621099442,Shep and The Limelites,Daddy's Home,1961,45157,511,,,,
909,20,13.84586851,Sly and The Family Stone,Dance To The Music,1968,22774230,4729,,,,
429,17,15.41358678,Martha and The Vandellas,Dancing in the Street,1964,34044681,2807,,,,
640,91,5.093692001,Herman's Hermits,Dandy,1966,74173,2048,,,,
446,25,11.94977132,The Four Seasons,Dawn (Go Away),1964,2451009,4256,,,,
703,41,8.621099442,The Lovin' Spoonful,Daydream,1966,9579486,2804,,,,
723,94,4.985808764,The Monkees,Daydream Believer,1967,20192730,18620,,,,
344,48,7.769280177,Henry Mancini,Days Of Wine and Roses,1963,286425,2486,,,,
424,28,11.08857401,Jan and Dean,Dead Man's Curve,1964,524590,4719,,,,
224,32,10.15315495,Gary U.S. Bonds,Dear Lady Twist,1962,24726,753,,,,
360,79,5.59198657,Larry Finnegan,Dear One,1962,305231,186,,,,
200,14,17.52086311,The Shirelles,Dedicated To The One I Love,1961,1401322,2186,,,,
726,62,6.561777272,The Mamas and The Papas,Dedicated To The One I Love,1967,5455493,5544,,,,
662,66,6.296526022,Tom Jones,Delilah,1968,11990628,4556,,,,
432,33,9.949031357,Randy and The Rainbows,Denise,1963,639192,409,,,,
135,59,6.780124557,Bobby Vee,Devil Or Angel,1960,717957,1614,,,,
756,32,10.15315495,Mitch Ryder and the Detroit Wheels,Devil with a Blue Dress On/Good Golly Miss Molly,1966,507896,827,,,,
572,59,6.780124557,The Bachelors,Diane,1964,228483,1206,,,,
704,57,6.936215781,The Lovin' Spoonful,Did You Ever Have to Make Up Your Mind?,1966,1096472,2804,,,,
770,49,7.664266318,The Standells,Dirty Water,1966,1416973,2082,,,,
305,6,30.6492728,Tommy Roe,Dizzy,1969,2289433,711,,,,
283,96,4.917008807,Dee Dee Sharp,Do the Bird,1963,54532,557,,,,
521,15,16.74093727,Manfred Mann,Do Wah Diddy Diddy,1964,12837467,1907,,,,
701,89,5.168953147,The Lovin' Spoonful,Do You Believe in Magic,1965,13364245,2804,,,,
547,88,5.207645782,Dionne Warwick,Do You Know The Way To San Jose,1968,3349983,7251,,,,
530,91,5.093692001,The Dave Clark Five,Do You Love Me,1964,5876,1911,,,,
484,55,7.101672245,The Beatles,Do You Want to Know a Secret,1964,8066285,14112,,,,
992,47,7.877989793,Watts 103rd Street Rhythm Band,Do Your Thing,1969,400774,1504,,,,
272,79,5.59198657,Lonnie Donegan,Does Your Chewing Gum Lose Its Flavour (On The Bedpost Overnight),1961,203528,2450,,,,
105,95,4.951108236,Jackie Wilson,Doggin' Around,1960,449692,4542,,,,
243,86,5.287264321,Dion,Donna the Prima Donna,1963,723972,3245,,,,
229,36,9.393779234,Linda Scott,Don't Bet Money Honey,1961,1728,577,,,,
49,31,10.36815025,Connie Francis,Don't Break The Heart That Loves You,1962,259505,4607,,,,
698,77,5.687430745,Patty Duke,Don't Just Stand There,1965,60509,2415,,,,
538,32,10.15315495,The Serendipity Singers,Don't Let the Rain Come Down (Crooked Little Man),1964,32585,2064,,,,
562,49,7.664266318,Gerry and the Pacemakers,Don't Let the Sun Catch You Crying,1964,1030679,954,,,,
787,74,5.838577711,Marvelettes,Don't Mess With Bill,1966,704329,3009,,,,
468,79,5.59198657,The Cookies,Don't Say Nothin' Bad (About My Baby),1963,127042,643,,,,
634,99,4.818155049,Petula Clark,Don't Sleep In The Subway,1967,774829,4478,,,,
605,87,5.247075258,The Searchers,Don't Throw Your Love Away,1964,552635,3642,,,,
60,28,11.08857401,Marty Robbins,Don't Worry,1961,321791,1930,,,,
830,39,8.910403258,The Buckinghams,Don't You Care,1967,279791,2064,,,,
139,60,6.705330284,The Four Preps,Down By The Station,1960,23715,951,,,,
683,52,7.369496097,Billy Joe Royal,Down in the Boondocks,1965,797177,533,,,,
67,65,6.360293906,Roy Orbison,Dream Baby (How Long Must I Dream),1962,1882078,8654,,,,
171,86,5.287264321,Johnny Burnette,Dreamin',1960,9887,2915,,,,
294,13,18.39913422,Gene Chandler,Duke Of Earl,1962,1890074,1289,,,,
15,91,5.093692001,Brenda Lee,Dum Dum,1961,320128,2547,,,,
436,39,8.910403258,The Essex,Easier Said Than Done,1963,11101,520,,,,
972,33,9.949031357,Three Dog Night,Easy To Be Hard,1969,1174006,2291,,,,
488,55,7.101672245,The Beatles,Eight Days a Week,1965,22286205,14112,,,,
694,80,5.545754095,The Turtles,Elenore,1968,11675269,2031,,,,
771,50,7.562750921,Bob Lind,Elusive Butterfly,1966,560837,676,,,,
665,29,10.83471074,Barry McGuire,Eve of Destruction,1965,7190164,1344,,,,
886,90,5.130975533,Robert Knight,Everlasting Love,1967,294080,389,,,,
302,38,9.064478563,Tommy Roe,Everybody,1963,21660,711,,,,
18,73,5.891242669,Brenda Lee,Everybody Loves Me But You,1962,205080,2547,,,,
502,6,30.6492728,Dean Martin,Everybody Loves Somebody,1964,9620202,4570,,,,
43,11,20.54380234,Connie Francis,Everybody's Somebody's Fool,1960,2306079,4607,,,,
910,5,34.56844127,Sly and The Family Stone,Everyday People,1969,49029109,4729,,,,
128,17,15.41358678,Ferrante and Teicher,Exodus,1961,338866,1231,,,,
833,18,14.84294734,The Soul Survivors,Expressway To Your Heart,1967,349967,1037,,,,
564,43,8.35431448,Gerry and the Pacemakers,Ferry Cross the Mersey,1965,3617809,954,,,,
123,49,7.664266318,Hank Ballard and The Midnighters,Finger Poppin' Time,1960,354730,825,,,,
395,8,25.34898699,Stevie Wonder,Fingertips,1963,3255889,4980,,,,
930,39,8.910403258,The Crazy World Of Arthur Brown,Fire,1968,2590197,1366,,,,
801,88,5.207645782,The Vogues,Five O'clock World,1966,667476,1079,,,,
205,57,6.936215781,The Shirelles,Foolish Little Girl,1963,404775,2186,,,,
169,61,6.632577127,Ricky Nelson,Fools Rush In,1963,528037,4885,,,,
112,69,6.114481004,Steve Lawrence,Footsteps,1960,152385,1304,,,,
841,27,11.35794904,Buffalo Springfield,For What It's Worth,1967,92808661,2208,,,,
170,65,6.360293906,Ricky Nelson,For You,1964,91338,4885,,,,
141,61,6.632577127,The Little Dippers,Forever,1960,40043,193,,,,
871,66,6.296526022,The Easybeats,Friday On My Mind,1967,6038048,4259,,,,
465,74,5.838577711,Ned Miller,From a Jack to a King,1963,133653,400,,,,
798,73,5.891242669,Wilson Pickett,Funky Broadway,1967,1193242,3001,,,,
552,39,8.910403258,Ronny and the Daytonas,G.T.O.,1964,261325,679,,,,
995,59,6.780124557,Glen Campbell,Galveston,1969,3354111,3632,,,,
669,34,9.754924552,Wayne Fontana and The Mindbenders,Game of Love,1965,1630980,521,,,,
259,62,6.561777272,Carla Thomas,Gee Whiz (Look At His Eyes),1961,833523,1161,,,,
655,57,6.936215781,The Seekers,Georgy Girl,1967,3269441,3634,,,,
981,25,11.94977132,The Beatles with Billy Preston,Get Back,1969,27161082,3613,,,,
849,34,9.754924552,The Esquires,Get On Up,1967,373440,388,,,,
975,16,16.04282372,The Youngbloods,Get Together,1969,4951529,1084,,,,
1014,89,5.168953147,Crazy Elephant,Gimme Gimme Good Lovin',1969,134693,271,,,,
840,26,11.64441273,Brenton Wood,Gimme Little Sign,1967,3623924,1103,,,,
873,68,6.173680038,The Spencer Davis Group,Gimme Some Lovin',1967,20812662,1069,,,,
937,45,8.107365283,The O'Kaysions,Girl Watcher,1968,164916,418,,,,
789,86,5.287264321,Neil Diamond,"Girl, You'll Be A Woman Soon",1967,6127648,5853,,,,
346,61,6.632577127,Ray Stevens,Gitarzan,1969,115612,2640,,,,
794,80,5.545754095,The Shadows Of Knight,Gloria,1966,880067,1856,,,,
114,91,5.093692001,Steve Lawrence,Go Away Little Girl,1963,208416,1304,,,,
102,33,9.949031357,Jimmy Clanton,Go Jimmy Go,1960,37469,565,,,,
681,50,7.562750921,The Moody Blues,Go Now,1965,2173609,8129,,,,
253,74,5.838577711,The Lettermen,Goin' Out Of My Head / Can't Take My Eyes Off You,1968,399488,1932,,,,
977,29,10.83471074,The Friends Of Distinction,Going In Circles,1969,181315,513,,,,
682,51,7.4645509,Shirley Bassey,Goldfinger,1965,7846673,4407,,,,
731,17,15.41358678,The Young Rascals,Good Lovin',1966,4783568,2093,,,,
28,20,13.84586851,Elvis Presley,Good Luck Charm,1962,5263250,19509,,,,
980,43,8.35431448,Oliver,Good Morning Starshine,1969,406091,1579,,,,
54,87,5.247075258,Bobby Rydell,Good Time Baby,1961,58354,1069,,,,
36,31,10.36815025,Jimmy Jones,Good Timin',1960,616177,461,,,,
385,33,9.949031357,The Beach Boys,Good Vibrations,1966,80929159,15103,,,,
282,90,5.130975533,Dee Dee Sharp,Gravy (For My Mashed Potatoes),1962,251344,557,,,,
976,17,15.41358678,The Friends Of Distinction,Grazin' In The Grass,1969,1278342,513,,,,
908,18,14.84294734,Hugh Masekela,Grazing In The Grass,1968,1112086,1428,,,,
333,53,7.277428145,Booker T. and The M.G.'s,Green Onions,1962,41562698,3484,,,,
965,31,10.36815025,Creedence Clearwater Revival,Green River,1969,19147069,4772,,,,
938,47,7.877989793,The Lemon Pipers,Green Tambourine,1968,2827207,1228,,,,
661,98,4.850547815,Tom Jones,"Green, Green Grass Of Home",1967,6995926,4556,,,,
56,13,18.39913422,Brothers Four,Greenfields,1960,880380,693,,,,
334,72,5.945119004,Booker T. and The M.G.'s,Groovin',1967,387938,3484,,,,
732,9,23.45308318,The Young Rascals,Groovin',1967,4783568,2093,,,,
795,83,5.412631479,The Sandpipers,Guantanamera,1966,650585,1407,,,,
868,13,18.39913422,The Cowsills,Hair,1969,259696,2784,,,,
336,90,5.130975533,Booker T. and The M.G.'s,Hang 'Em High,1969,277978,3484,,,,
736,19,14.32262507,Tommy James and The Shondells,Hanky Panky,1966,853252,1387,,,,
692,8,25.34898699,The Turtles,Happy Together,1967,76786713,2031,,,,
163,84,5.370017132,Paul Evans,Happy-Go-Lucky Me,1960,315970,336,,,,
124,50,7.562750921,Platters,Harbor Lights,1960,787854,2324,,,,
192,68,6.173680038,Del Shannon,Hats Off To Larry,1961,147026,2195,,,,
610,93,5.021127552,Jumpin' Gene Simmons,Haunted House,1964,35112,321,,,,
537,31,10.36815025,The Honeycombs,Have I the Right?,1964,1006483,2399,,,,
93,52,7.369496097,Sam Cooke,Having A Party,1962,3377142,2895,,,,
82,58,6.857053284,The Ventures,Hawaii Five-O,1969,2718842,2678,,,,
679,69,6.114481004,The Yardbirds,Heart Full of Soul,1965,14356985,5119,,,,
179,93,5.021127552,Guy Mitchell,Heartaches By The Number,1960,243434,604,,,,
427,32,10.15315495,Martha and The Vandellas,Heat Wave,1963,19972499,2807,,,,
1,2,63.2878297,Jim Reeves,He'll Have To Go,1960,4377343,4240,,,,
126,52,7.369496097,Jeanne Black,He'll Have To Stay,1960,45318,234,,,,
166,49,7.664266318,Ricky Nelson,Hello Mary Lou,1961,5626492,4885,,,,
439,44,8.228510611,Barbara Lewis,Hello Stranger,1963,2429382,703,,,,
237,45,8.107365283,Faron Young,Hello Walls,1961,1490230,1732,,,,
816,14,17.52086311,The Doors,"Hello, I Love You",1968,12518264,8577,,,,
383,11,20.54380234,The Beach Boys,"Help Me, Rhonda",1965,5635326,15103,,,,
486,7,27.68441135,The Beatles,Help!,1965,37599801,14112,,,,
361,80,5.545754095,James Darren,Her Royal Majesty,1962,23916,1299,,,,
960,92,5.057082445,Shorty Long,Here Comes The Judge,1968,63779,638,,,,
392,5,34.56844127,The Chiffons,He's So Fine,1963,4300451,993,,,,
495,1,100,The Beatles,Hey Jude,1968,71297498,14112,,,,
559,43,8.35431448,The Rip Chords,Hey Little Cobra,1964,125753,2071,,,,
394,7,27.68441135,Paul and Paula,Hey Paula,1963,2224593,506,,,,
293,11,20.54380234,Bruce Channel,Hey! Baby,1962,9727465,589,,,,
967,99,4.818155049,Jerry Butler,"Hey, Western Union Man",1968,111848,982,,,,
608,88,5.207645782,Tommy Tucker,Hi-Heel Sneakers,1964,413656,314,,,,
928,37,9.225435188,Johnny Nash,Hold Me Tight,1968,827228,1090,,,,
643,14,17.52086311,Mel Carter,"Hold Me, Thrill Me, Kiss Me",1965,1339521,265,,,,
700,85,5.328236693,Joe Tex,Hold What You've Got,1965,167060,2114,,,,
774,56,7.017717833,Simon and Garfunkel,Homeward Bound,1966,13052761,5561,,,,
577,3,48.42838339,Bobby Goldsboro,Honey,1968,3169958,618,,,,
624,4,40.05349388,The Rolling Stones,Honky Tonk Women,1969,31163770,13638,,,,
769,99,4.818155049,B. J. Thomas,Hooked On A Feeling,1969,2960882,1074,,,,
303,43,8.35431448,Tommy Roe,Hooray for Hazel,1966,73278,711,,,,
911,7,27.68441135,Sly and The Family Stone,Hot Fun In The Summertime,1969,3603866,4729,,,,
734,63,6.49284802,The Young Rascals,How Can I Be Sure,1967,341008,2093,,,,
563,89,5.168953147,Gerry and the Pacemakers,How Do You Do It?,1964,216444,954,,,,
460,100,4.786300923,Marvin Gaye,How Sweet It Is (To Be Loved by You),1965,8752988,7086,,,,
747,97,4.883493965,Paul Revere and The Raiders,Hungry,1966,257617,4169,,,,
751,61,6.632577127,Donovan,Hurdy Gurdy Man,1968,11057785,6108,,,,
245,48,7.769280177,Timi Yuro,Hurt,1961,1033560,1329,,,,
254,30,10.59497587,The Lettermen,Hurt So Bad,1969,140938,1932,,,,
671,40,8.762749681,Patti Page,"Hush, Hush, Sweet Charlotte",1965,116241,3693,,,,
772,51,7.4645509,Simon and Garfunkel,I Am a Rock,1966,14516548,5561,,,,
889,96,4.917008807,The Who,I Can See For Miles,1967,8118783,11121,,,,
587,3,48.42838339,The Temptations,I Can't Get Next To You,1969,4868501,9519,,,,
614,2,63.2878297,Four Tops,I Can't Help Myself (Sugar Pie Honey Bunch),1965,67571740,3598,,,,
390,43,8.35431448,Skeeter Davis,I Can't Stay Mad at You,1963,283035,1796,,,,
376,91,5.093692001,"Peter, Paul and Mary",I Dig Rock And Roll Music,1967,551673,1386,,,,
805,95,4.951108236,Bobby Fuller Four,I Fought The Law,1966,5019487,1299,,,,
382,5,34.56844127,The Beach Boys,I Get Around,1964,36498083,15103,,,,
533,75,5.787081068,Peter and Gordon,I Go to Pieces,1965,806850,951,,,,
755,37,9.225435188,The Happenings,I Got Rhythm,1967,110643,550,,,,
881,58,6.857053284,James Brown and The Famous Flames,I Got The Feelin',1968,3337941,3416,,,,
645,16,16.04282372,Sonny and Cher,I Got You Babe,1965,21819443,2377,,,,
888,93,5.021127552,The Electric Prunes,I Had Too Much To Dream Last Night,1967,1709322,3498,,,,
463,88,5.207645782,Marvin Gaye,I Heard It Through The Grapevine,1969,73644587,7086,,,,
326,42,8.485070759,Barbara George,I Know (You Don't Love Me No More),1962,84117,338,,,,
631,36,9.393779234,Petula Clark,I Know a Place,1965,659236,4478,,,,
227,34,9.754924552,Chris Kenner,I Like It Like That,1961,739901,391,,,,
247,52,7.369496097,The Paris Sisters,I Love How You Love Me,1961,368245,315,,,,
120,65,6.360293906,Marv Johnson,I Love The Way You Love,1960,27503,1131,,,,
416,21,13.40711287,Al Martino,I Love You Because,1963,107611,1555,,,,
418,72,5.945119004,Al Martino,I Love You More and More Every Day,1964,31323,1555,,,,
824,75,5.787081068,Aretha Franklin,I Never Loved A Man (The Way I Love You),1967,8221365,4631,,,,
485,95,4.951108236,The Beatles,I Saw Her Standing There,1964,13477850,14112,,,,
826,93,5.021127552,Aretha Franklin,I Say A Little Prayer,1968,73432380,4631,,,,
760,88,5.207645782,Sandy Posey,I Take It Back,1967,89016,936,,,,
835,68,6.173680038,Sam and Dave,I Thank You,1968,751080,4812,,,,
737,12,19.39725958,Tommy James and The Shondells,I Think We're Alone Now,1967,4215058,1387,,,,
456,64,6.425711417,Tony Bennett,I Wanna Be Around,1963,657059,6608,,,,
596,81,5.500471104,The Jelly Beans,I Wanna Love Him So Bad,1964,47284,150,,,,
708,92,5.057082445,The Strangeloves,I Want Candy,1965,611950,1062,,,,
13,43,8.35431448,Brenda Lee,I Want To Be Wanted,1960,390100,2547,,,,
477,1,100,The Beatles,I Want to Hold Your Hand,1964,48975471,14112,,,,
397,14,17.52086311,Stevie Wonder,I Was Made To Love Her,1967,11938162,4980,,,,
421,26,11.64441273,Little Peggy March,I Will Follow Him,1963,2217411,941,,,,
586,22,13.00172664,The Temptations,I Wish It Would Rain,1968,7228337,9519,,,,
377,99,4.818155049,Ronnie and The Hi-lites,I Wish That We Were Married,1962,11986,265,,,,
950,72,5.945119004,Tommy Boyce and Bobby Hart,I Wonder What She's Doing Tonight,1968,185132,1543,,,,
877,48,7.769280177,The Grass Roots,I'd Wait A Million Years,1969,793077,4194,,,,
956,85,5.328236693,Smokey Robinson and The Miracles,If You Can Want,1968,293934,5609,,,,
366,35,9.570069478,Jimmy Soul,If You Wanna Be HappyIf You Wanna Be Happy,1963,2485964,338,,,,
459,58,6.857053284,Marvin Gaye,I'll Be Doggone,1965,1581041,7086,,,,
55,93,5.021127552,Bobby Rydell,I'll Never Dance Again,1962,76708,1069,,,,
654,23,12.62582101,The Seekers,I'll Never Find Another You,1965,2598494,3634,,,,
720,5,34.56844127,The Monkees,I'm A Believer,1967,62659630,18620,,,,
712,97,4.883493965,"Dino, Desi and Billy",I'm a Fool,1965,23134,915,,,,
369,94,4.985808764,The Ikettes,I'm Blue (The Gong-Gong Song),1962,430899,1799,,,,
276,92,5.057082445,Eddie Hodges,I'm Gonna Knock On Your Door,1961,568081,688,,,,
1013,87,5.247075258,Diana Ross and The Supremes and The Temptations,I'm Gonna Make You Love Me,1969,3870569,1236,,,,
452,60,6.705330284,Lou Christie,I'm Gonna Make You Mine,1969,285913,1818,,,,
638,46,7.990608098,Herman's Hermits,"I'm Henry the Eighth, I Am",1965,258929,2048,,,,
412,18,14.84294734,Dale and Grace,I'm Leaving It Up To You,1963,129104,862,,,,
768,47,7.877989793,B. J. Thomas,I'm So Lonesome I Could Cry,1966,65826,1074,,,,
403,80,5.545754095,The Impressions,I'm So Proud,1964,1969494,2033,,,,
11,6,30.6492728,Brenda Lee,I'm Sorry,1960,3366175,2547,,,,
675,42,8.485070759,Freddie and the Dreamers,I'm Telling You Now,1965,576239,1498,,,,
767,46,7.990608098,James and Bobby Purify,I'm Your Puppet,1966,3820190,566,,,,
142,62,6.561777272,The Safaris,Image Of A Girl,1960,83982,125,,,,
69,59,6.780124557,Roy Orbison,In Dreams,1963,11402194,8654,,,,
116,94,4.985808764,Anita Bryant,In My Little Corner Of The World,1960,15789,2722,,,,
982,26,11.64441273,Zager and Evans,In The Year 2525,1969,5177087,704,,,,
838,23,12.62582101,Strawberry Alarm Clock,Incense And Peppermints,1967,3209861,2877,,,,
925,67,6.234342105,1910 Fruitgum Company,Indian Giver,1969,100205,578,,,,
867,71,6.000251993,The Cowsills,Indian Lake,1968,288104,2784,,,,
691,73,5.891242669,The Turtles,It Ain't Me Babe,1965,1644953,2031,,,,
349,27,11.35794904,Gene Pitney,It Hurts to Be in Love,1964,167640,2010,,,,
174,18,14.84294734,Johnny Tillotson,It Keeps Right On a-Hurtin',1962,245127,1278,,,,
839,25,11.94977132,Vicki Carr,It Must Be Him,1967,631075,1054,,,,
401,10,21.87761624,The Impressions,It's All Right,1963,2590697,2033,,,,
994,55,7.101672245,Cass Elliot,It's Getting Better,1969,1356030,3679,,,,
263,65,6.360293906,Ike and Tina Turner,It's Gonna Work Out Fine,1961,246104,3574,,,,
407,29,10.83471074,Lesley Gore,It's My Party,1963,6895751,1455,,,,
660,64,6.425711417,Tom Jones,It's Not Unusual,1965,37632492,4556,,,,
22,7,27.68441135,Elvis Presley,It's Now Or Never,1960,11766868,19509,,,,
71,73,5.891242669,Roy Orbison,It's Over,1964,1783252,8654,,,,
615,83,5.412631479,Four Tops,It's the Same Old Song,1965,6423287,3598,,,,
75,66,6.296526022,Paul Anka,It's Time To Cry,1960,109090,2526,,,,
62,19,14.32262507,Brian Hyland,Itsy Bitsy Teenie Weenie Yellow Polkadot Bikini,1960,3452011,1193,,,,
733,54,7.188199443,The Young Rascals,I've Been Lonely Too Long,1967,173991,2093,,,,
595,51,7.4645509,Sammy Davis Jr.,I've Gotta Be Me,1969,647269,4058,,,,
944,59,6.780124557,The Bee Gees,I've Gotta Get A Message To You,1968,4066803,10349,,,,
230,74,5.838577711,Linda Scott,I've Told Every Little Star,1961,38588,577,,,,
979,23,12.62582101,Oliver,Jean,1969,121284,1579,,,,
431,36,9.393779234,Martha and The Vandellas,Jimmy Mack,1967,5617771,2807,,,,
290,6,30.6492728,Shelley Fabares,Johnny Angel,1962,472535,741,,,,
339,56,7.017717833,Joanie Sommers,Johnny Get Angry,1962,186619,1067,,,,
914,25,11.94977132,John Fred and His Playboy Band,Judy In Disguise (With Glasses),1968,1079207,448,,,,
408,83,5.412631479,Lesley Gore,Judy's Turn to Cry,1963,515670,1455,,,,
623,50,7.562750921,The Rolling Stones,Jumpin' Jack Flash,1968,24154098,13638,,,,
685,56,7.017717833,The Beau Brummels,Just a Little,1965,362180,2880,,,,
746,67,6.234342105,Paul Revere and The Raiders,Just Like Me,1966,327267,4169,,,,
628,44,8.228510611,The Righteous Brothers,Just Once in My Life,1965,541580,2690,,,,
472,81,5.500471104,Doris Troy,Just One Look,1963,2024598,542,,,,
402,56,7.017717833,The Impressions,Keep On Pushing,1964,1556196,2033,,,,
194,99,4.818155049,Del Shannon,Keep Searchin' (We'll Follow the Sun),1965,865291,2195,,,,
745,25,11.94977132,Paul Revere and The Raiders,Kicks,1966,1572579,4169,,,,
143,63,6.49284802,Brook Benton,Kiddio,1960,213883,708,,,,
829,16,16.04282372,The Buckinghams,Kind Of A Drag,1967,612766,2064,,,,
600,12,19.39725958,Roger Miller,King of the Road,1965,7828198,3536,,,,
535,55,7.101672245,Peter and Gordon,Lady Godiva,1966,246814,951,,,,
161,82,5.456106733,Lloyd Price,Lady Luck,1960,447560,1034,,,,
496,60,6.705330284,The Beatles,Lady Madonna,1968,13710931,14112,,,,
904,34,9.754924552,Gary Puckett and The Union Gap,Lady Willpower,1968,1062719,1275,,,,
913,23,12.62582101,The Delfonics,La-La Means I Love You,1968,7088859,1723,,,,
796,84,5.370017132,Wilson Pickett,"Land Of 1,000 Dances",1966,25042907,3001,,,,
505,9,23.45308318,J. Frank Wilson and the Cavaliers,Last Kiss,1964,440810,376,,,,
206,15,16.74093727,The Mar-Keys,Last Night,1961,1118216,1102,,,,
719,6,30.6492728,The Monkees,Last Train to Clarksville,1966,6568548,18620,,,,
709,94,4.985808764,Sonny,Laugh at Me,1965,88034,741,,,,
686,87,5.247075258,The Beau Brummels,"Laugh, Laugh",1965,272624,2880,,,,
991,96,4.917008807,The Guess Who,Laughing,1969,994472,4136,,,,
359,71,6.000251993,Dickey Lee,Laurie (Strange Things Happen),1965,18958,457,,,,
674,52,7.369496097,Bob Dylan,Lay Lady Lay,1969,28002786,16836,,,,
568,68,6.173680038,The Shangri-Las,Leader of the Pack,1964,7863614,3675,,,,
3,30,10.59497587,The Everly Brothers,Let It Be Me,1960,697716,4114,,,,
539,34,9.754924552,Betty Everett and Jerry Butler,Let It Be Me,1964,14221,1249,,,,
874,69,6.114481004,The Hombres,Let It Out (Let It All Hang Out),1967,487070,567,,,,
749,100,4.786300923,Paul Revere and The Raiders,Let Me,1969,4348,4169,,,,
292,8,25.34898699,The Sensations,Let Me In,1962,47535,233,,,,
150,82,5.456106733,Fats Domino,Let The Four Winds Blow,1961,346731,3326,,,,
125,51,7.4645509,Billy Bland,Let The Little Girl Dance,1960,11473647,265,,,,
351,68,6.173680038,Chris Montez,Let's Dance,1962,2039928,1050,,,,
875,70,6.056689273,The Grass Roots,Let's Live For Today,1967,2649781,4194,,,,
178,92,5.057082445,Bob Luman,Let's Think About Livin',1960,330483,651,,,,
451,23,12.62582101,Lou Christie,Lightnin' Strikes,1966,845703,1818,,,,
672,41,8.621099442,Bob Dylan,Like a Rolling Stone,1965,86632146,16836,,,,
613,31,10.36815025,Sam the Sham and the Pharaohs,Li'l Red Riding Hood,1966,1369674,1129,,,,
820,11,20.54380234,The Music Explosion,Little Bit O' Soul,1967,568383,552,,,,
53,96,4.917008807,Bobby Rydell,Little Bitty Girl,1960,98402,1069,,,,
523,18,14.84294734,Billy J. Kramer and The Dakotas,Little Children,1964,480702,1328,,,,
241,86,5.287264321,Dion,Little Diane,1962,191936,3245,,,,
574,61,6.632577127,The Hondells,Little Honda,1964,97458,830,,,,
887,92,5.057082445,Bill Cosby,Little Ole Man (Uptight-Everything's Alright),1967,16187,5767,,,,
94,67,6.234342105,Sam Cooke,Little Red Rooster,1963,1246121,2895,,,,
24,39,8.910403258,Elvis Presley,Little Sister,1961,3356388,19509,,,,
193,100,4.786300923,Del Shannon,Little Town Flirt,1963,367176,2195,,,,
988,41,8.621099442,Bobby Sherman,Little Woman,1969,28884,2535,,,,
110,38,9.064478563,Conway Twitty,Lonely Blue Boy,1960,756676,3103,,,,
183,99,4.818155049,Charlie Rich,Lonely Weekends,1960,306801,2214,,,,
19,62,6.561777272,Brenda Lee,Losing You,1963,306511,2547,,,,
603,99,4.818155049,The Kingsmen,Louie Louie,1964,28476446,2634,,,,
989,42,8.485070759,Mercy,Love (Can Make You Happy),1969,192564,1682,,,,
516,27,11.35794904,The Supremes,Love Child,1968,3357859,5042,,,,
792,78,5.63920084,Lou Rawls,Love Is A Hurtin' Thing,1966,255538,2941,,,,
931,40,8.762749681,Troggs,Love Is All Around,1968,1806273,613,,,,
890,2,63.2878297,Paul Mauriat,Love Is Blue,1968,2160381,1189,,,,
513,28,11.08857401,The Supremes,Love Is Here And Now You're Gone,1967,1402733,5042,,,,
318,34,9.754924552,Ketty Lester,Love Letters,1962,156761,768,,,,
781,68,6.173680038,Deon Jackson,Love Makes The World Go Round,1966,381062,249,,,,
480,14,17.52086311,The Beatles,Love Me Do,1964,44061168,14112,,,,
664,94,4.985808764,Tom Jones,Love Me Tonight,1969,834426,4556,,,,
78,76,5.736711756,Paul Anka,Love Me Warm And Tender,1962,831928,2526,,,,
525,19,14.32262507,The Ray Charles Singers,Love Me with All Your Heart (Cuando Calienta El Sol),1964,11797,1894,,,,
607,70,6.056689273,The Searchers,Love Potion No. 9,1965,1063350,3642,,,,
122,48,7.769280177,Ron Holden,Love You So,1960,27102,391,,,,
240,67,6.234342105,Dion,Lovers Who Wander,1962,1642078,3245,,,,
921,62,6.561777272,Steppenwolf,Magic Carpet Ride,1968,42602063,2216,,,,
45,68,6.173680038,Connie Francis,Mama,1960,279627,4607,,,,
467,77,5.687430745,Jan Bradley,Mama Didn't Lie,1963,237102,291,,,,
202,81,5.500471104,The Shirelles,Mama Said,1961,18984141,2186,,,,
437,41,8.621099442,Los Indios Tabajaras,Maria Elena,1963,1207317,377,,,,
281,3,48.42838339,Dee Dee Sharp,Mashed Potato Time,1962,771095,557,,,,
68,46,7.990608098,Roy Orbison,Mean Woman Blues,1963,709991,8654,,,,
553,41,8.621099442,Johnny Rivers,Memphis,1964,743377,1516,,,,
453,58,6.857053284,Lonnie Mack,"Memphis, Tennessee",1963,51680,8225,,,,
544,77,5.687430745,Dionne Warwick,Message To Michael,1966,325409,7251,,,,
250,55,7.101672245,Bob Moore,Mexico,1961,44613,611,,,,
189,3,48.42838339,The Highwaymen,Michael,1961,345821,1027,,,,
214,85,5.328236693,The Miracles,Mickey's Monkey,1963,218185,5609,,,,
876,19,14.32262507,The Grass Roots,Midnight Confessions,1968,748738,4194,,,,
300,21,13.40711287,Kenny Ball,Midnight In Moscow,1962,452268,1531,,,,
738,97,4.883493965,Tommy James and The Shondells,Mirage,1967,227312,1387,,,,
148,90,5.130975533,Ray Peterson,Missing You,1961,36663,527,,,,
146,64,6.425711417,Donnie Brooks,Mission Bell,1960,80369,607,,,,
420,25,11.94977132,Inez and Charlie Foxx,Mockingbird,1963,222797,529,,,,
180,97,4.883493965,Barrett Strong,Money,1960,7941207,758,,,,
602,86,5.287264321,The Kingsmen,Money (That's What I Want),1964,446165,2634,,,,
739,13,18.39913422,Tommy James and The Shondells,"Mony, Mony",1968,3641998,1387,,,,
255,59,6.780124557,Pat Boone,Moody River,1961,376361,4138,,,,
454,60,6.705330284,Kai Winding,More,1963,111486,1069,,,,
140,98,4.850547815,The Four Preps,More Money For You And Me,1961,7549,951,,,,
993,50,7.562750921,Spiral Starecase,More Today Than Yesterday,1969,1062626,622,,,,
668,68,6.173680038,James Brown,Mother Popcorn (Part I),1969,1692313,12563,,,,
209,21,13.40711287,Ernie K-Doe,Mother-In-Law,1961,442939,811,,,,
117,42,8.485070759,Larry Verne,Mr. Custer,1960,154240,163,,,,
748,95,4.951108236,Paul Revere and The Raiders,"Mr. Sun, Mr. Moon",1969,100456,4169,,,,
656,25,11.94977132,The Byrds,Mr. Tambourine Man,1965,22318155,13506,,,,
636,19,14.32262507,Herman's Hermits,"Mrs. Brown, You've Got a Lovely Daughter",1965,1534981,2048,,,,
118,44,8.228510611,Fendermen,Mule Skinner Blues,1960,257280,230,,,,
561,46,7.990608098,Millie Small,My Boy Lollipop,1964,5202609,833,,,,
404,12,19.39725958,The Angels,My Boyfriend's Back,1963,1872402,812,,,,
399,32,10.15315495,Stevie Wonder,My Cherie Amour,1969,15409195,4980,,,,
855,46,7.990608098,Ed Ames,My Cup Runneth Over,1967,228773,1411,,,,
582,10,21.87761624,The Temptations,My Girl,1965,150297031,9519,,,,
299,7,27.68441135,Mary Wells,My Guy,1964,35289317,2824,,,,
44,17,15.41358678,Connie Francis,My Heart Has A Mind Of Its Own,1960,365549,4607,,,,
76,77,5.687430745,Paul Anka,My Home Town,1960,289664,2526,,,,
273,84,5.370017132,Matt Monro,My Kind Of Girl,1961,307716,1698,,,,
195,6,30.6492728,The Jive Five,My True Story,1961,549734,807,,,,
1017,97,4.883493965,David Ruffin,My Whole World Ended (The Moment You Left Me),1969,1161397,3665,,,,
512,81,5.500471104,The Supremes,My World Is Empty Without You,1966,3451648,5042,,,,
571,58,6.857053284,Diane Renay,Navy Blue,1964,62333,527,,,,
606,100,4.786300923,The Searchers,Needles and Pins,1964,3843254,3642,,,,
968,100,4.786300923,Jerry Butler,Never Give You Up,1968,1210714,982,,,,
717,20,13.84586851,The Association,Never My Love,1967,1900548,3791,,,,
104,34,9.754924552,Jackie Wilson,Night,1960,81660,4542,,,,
780,66,6.296526022,The T-Bones,No Matter What Shape (Your Stomach Is In),1966,108083,750,,,,
949,67,6.234342105,The Human Beinz,Nobody But Me,1968,3919199,835,,,,
208,33,9.949031357,Sue Thompson,Norman,1962,206139,547,,,,
491,90,5.130975533,The Beatles,Nowhere Man,1966,11017023,14112,,,,
430,68,6.173680038,Martha and The Vandellas,Nowhere to Run,1965,14919498,2807,,,,
175,88,5.207645782,Annette Funicello,O Dio Mio,1960,5450,2449,,,,
799,85,5.328236693,Shades Of Blue,Oh How Happy,1966,98161,2035,,,,
70,4,40.05349388,Roy Orbison,"Oh, Pretty Woman",1964,61232906,8654,,,,
947,82,5.456106733,The Dells,"Oh, What A Night",1969,1991034,1145,,,,
362,81,5.500471104,Walter Brennan,Old Rivers,1962,64810,1896,,,,
765,42,8.485070759,The Hollies,On A Carousel,1967,1833574,5105,,,,
220,29,10.83471074,Floyd Cramer,On The Rebound,1961,660129,964,,,,
393,98,4.850547815,The Chiffons,One Fine Day,1963,12190738,993,,,,
156,60,6.705330284,Ray Charles,One Mint Julep,1961,333918,6315,,,,
186,75,5.787081068,Bobby Lewis,One Track Mind,1961,10065,220,,,,
64,20,13.84586851,Roy Orbison,Only The Lonely,1960,15956833,8654,,,,
969,38,9.064478563,Jerry Butler,Only The Strong Survive,1969,725955,982,,,,
216,93,5.021127552,The Miracles,Ooo Baby Baby,1965,7102863,5609,,,,
438,42,8.485070759,Ruby And The Romantics,Our Day Will Come,1963,634923,1335,,,,
455,63,6.49284802,Bill Pursell,Our Winter Love,1963,85268,360,,,,
573,60,6.705330284,The Marketts,Out of Limits,1964,3076822,390,,,,
905,73,5.891242669,Gary Puckett and The Union Gap,Over You,1968,787610,1275,,,,
275,85,5.328236693,Jimmy Dean,P.T. 109,1962,90285,1804,,,,
620,21,13.40711287,The Rolling Stones,"Paint It, Black",1966,170214002,13638,,,,
417,89,5.168953147,Al Martino,"Painted, Tainted Rose",1963,14677,1555,,,,
295,14,17.52086311,Freddy Cannon,Palisades Park,1962,548294,1289,,,,
667,33,9.949031357,James Brown,Papa's Got a Brand New Bag,1965,22403335,12563,,,,
490,28,11.08857401,The Beatles,Paperback Writer,1966,16062776,14112,,,,
319,35,9.570069478,Claudine Clark,Party Lights,1962,252381,108,,,,
494,55,7.101672245,The Beatles,Penny Lane,1967,311626,14112,,,,
893,5,34.56844127,The Rascals,People Got To Be Free,1968,600612,2093,,,,
308,25,11.94977132,Joey Dee and The Starliters,Peppermint Twist,1962,443963,1048,,,,
364,87,5.247075258,Billy Joe and The Checkmates,Percolator (Twist),1962,21213,818,,,,
942,55,7.101672245,Status Quo,Pictures Of Matchstick Men,1968,498937,551,,,,
961,96,4.917008807,Big Brother and The Holding Company,Piece Of My Heart,1968,48954611,3225,,,,
422,27,11.35794904,The Chantays,Pipeline,1963,1118918,674,,,,
310,27,11.35794904,The Marvelettes,Playboy,1962,8011077,3009,,,,
932,41,8.621099442,Gene and Debbe,Playboy,1968,10759,373,,,,
722,74,5.838577711,The Monkees,Pleasant Valley Sunday,1967,2055289,18620,,,,
121,47,7.877989793,Hank Locklin,"Please Help Me, I'm Falling",1960,1127831,601,,,,
288,43,8.35431448,Bobby Vinton,Please Love Me Forever,1967,540828,1732,,,,
481,16,16.04282372,The Beatles,Please Please Me,1964,8599331,14112,,,,
84,100,4.786300923,The Drifters,Please Stay,1961,374740,4140,,,,
172,87,5.247075258,Johnny Tillotson,Poetry In Motion,1960,2176650,1278,,,,
1006,77,5.687430745,Tony Joe White,Polk Salad Annie,1969,2683579,1629,,,,
38,7,27.68441135,Chubby Checker,Pony Time,1961,395079,1911,,,,
555,9,23.45308318,Johnny Rivers,Poor Side of Town,1966,227317,1516,,,,
113,30,10.59497587,Steve Lawrence,Portrait Of My Love,1961,61982,1304,,,,
111,39,8.910403258,Steve Lawrence,Pretty Blue Eyes,1960,201888,1304,,,,
271,77,5.687430745,Curtis Lee,Pretty Little Angel Eyes,1961,847297,1956,,,,
458,72,5.945119004,Marvin Gaye,Pride and Joy,1963,381571,7086,,,,
779,64,6.425711417,Count Five,Psychotic Reaction,1966,2591519,694,,,,
373,16,16.04282372,"Peter, Paul and Mary","Puff, The Magic Dragon",1963,7184102,1386,,,,
74,23,12.62582101,Paul Anka,Puppy Love,1960,1666967,2526,,,,
689,46,7.990608098,Jackie DeShannon,Put A Little Love In Your Heart,1969,1167284,2242,,,,
222,31,10.36815025,Gary U.S. Bonds,Quarter To Three,1961,202618,753,,,,
445,24,12.27610461,The Four Seasons,Rag Doll,1964,3712082,4256,,,,
197,9,23.45308318,Dee Clark,Raindrops,1961,36195,651,,,,
673,82,5.456106733,Bob Dylan,Rainy Day Women #12 And 35,1966,6042926,16836,,,,
1012,86,5.287264321,Bob Seger System,Ramblin' Gamblin' Man,1969,3306569,4796,,,,
311,28,11.08857401,Nat King Cole,Ramblin' Rose,1962,532894,4280,,,,
616,4,40.05349388,Four Tops,Reach Out I'll Be There,1966,33855176,3598,,,,
939,49,7.664266318,Friend and Lover,Reach Out Of The Darkness,1968,388976,425,,,,
268,32,10.15315495,Bert Kaempfert,Red Roses for a Blue Lady,1965,293898,2099,,,,
697,76,5.736711756,Vic Dana,Red Roses for a Blue Lady,1965,172645,302,,,,
761,38,9.064478563,The Cyrkle,Red Rubber Ball,1966,846269,669,,,,
515,41,8.621099442,The Supremes,Reflections,1967,3884474,5042,,,,
842,31,10.36815025,Engelbert Humperdinck,Release Me,1967,3522968,3257,,,,
567,53,7.277428145,The Shangri-Las,Remember (Walking in the Sand),1964,2373825,3675,,,,
497,78,5.63920084,The Beatles,Revolution,1968,12876136,14112,,,,
391,4,40.05349388,The Cascades,Rhythm Of The Rain,1963,3825570,651,,,,
469,80,5.545754095,Johnny Cash,Ring of Fire,1963,84849162,8874,,,,
340,59,6.780124557,"Dave ""Baby"" Cortez",Rinky Dink,1962,309260,452,,,,
447,74,5.838577711,The Four Seasons,Ronnie,1964,1190523,4256,,,,
284,4,40.05349388,Bobby Vinton,Roses Are Red (My Love),1962,2365412,1732,,,,
137,89,5.168953147,Bobby Vee,Rubber Ball,1961,1688587,1614,,,,
242,40,8.762749681,Dion,Ruby Baby,1963,541039,3245,,,,
622,24,12.27610461,The Rolling Stones,Ruby Tuesday,1967,16841668,13638,,,,
1007,78,5.63920084,Kenny Rogers and The First Edition,"Ruby, Don't Take Your Love To Town",1969,6029763,5172,,,,
588,57,6.936215781,The Temptations,"Run Away Child, Running Wild",1969,37779,9519,,,,
238,46,7.990608098,Dion,Runaround Sue,1961,27540370,3245,,,,
191,5,34.56844127,Del Shannon,Runaway,1961,14372962,2195,,,,
8,4,40.05349388,Johnny Preston,Running Bear,1960,1444980,444,,,,
66,13,18.39913422,Roy Orbison,Running Scared,1961,2391967,8654,,,,
207,20,13.84586851,Sue Thompson,Sad Movies (Make Me Cry),1961,414305,547,,,,
457,66,6.296526022,The Jaynetts,Sally Go 'Round the Roses,1963,233859,1280,,,,
221,88,5.207645782,Floyd Cramer,San Antonio Rose,1961,312830,964,,,,
865,48,7.769280177,Scott Mckenzie,San Francisco (Be Sure to Wear Flowers in Your Hair),1967,33363496,746,,,,
184,100,4.786300923,Larry Hall,Sandy,1960,13843,326,,,,
83,26,11.64441273,The Drifters,Save The Last Dance For Me,1960,11458687,4140,,,,
649,59,6.780124557,Gary Lewis and The Playboys,Save Your Heart for Me,1965,214032,972,,,,
882,90,5.130975533,James Brown and The Famous Flames,Say It Loud I'm Black And I'm Proud,1968,1180592,3416,,,,
777,89,5.168953147,Simon and Garfunkel,Scarborough Fair / Canticle,1968,20339116,5561,,,,
223,54,7.188199443,Gary U.S. Bonds,School Is Out,1961,29725,753,,,,
279,97,4.883493965,Don Gibson,Sea Of Heartbreak,1961,1088344,648,,,,
63,29,10.83471074,Brian Hyland,Sealed With A Kiss,1962,3465190,1193,,,,
652,95,4.951108236,Gary Lewis and The Playboys,Sealed With A Kiss,1968,122581,972,,,,
556,53,7.277428145,Johnny Rivers,Secret Agent Man,1966,1021520,1516,,,,
575,62,6.561777272,Bobby Goldsboro,See the Funny Little Clown,1964,63758,618,,,,
754,29,10.83471074,The Happenings,See You In September,1966,591096,550,,,,
96,66,6.296526022,Sam Cooke,Shake,1965,608036,2895,,,,
609,92,5.057082445,Robert Maxwell,Shangri-La,1964,19219,2992,,,,
680,99,4.818155049,The Yardbirds,Shapes Of Things,1966,1884000,5119,,,,
314,30,10.59497587,Jay and The Americans,She Cried,1962,264791,978,,,,
478,2,63.2878297,The Beatles,She Loves You,1964,28087844,14112,,,,
693,78,5.63920084,The Turtles,She'd Rather Be With Me,1967,3297320,2031,,,,
301,22,13.00172664,Tommy Roe,Sheila,1962,713267,711,,,,
337,55,7.101672245,Frankie Valli and The Four Seasons,Sherry,1962,19154727,4256,,,,
406,14,17.52086311,Lesley Gore,She's A Fool,1963,212697,1455,,,,
690,65,6.360293906,Sir Douglas Quintet,She's About a Mover,1965,438412,1932,,,,
188,78,5.63920084,Patsy Cline,She's Got You,1962,4593182,8503,,,,
651,93,5.021127552,Gary Lewis and The Playboys,She's Just My Style,1966,669385,972,,,,
398,75,5.787081068,Stevie Wonder,Shoo-Bee-Doo-Be-Doo-Da-Day,1968,1800414,4980,,,,
212,24,12.27610461,The Miracles,Shop Around,1961,8287327,5609,,,,
644,15,16.74093727,Junior Walker and the All Stars,Shotgun,1965,14223043,1102,,,,
309,58,6.857053284,Joey Dee and The Starliters,Shout,1962,205105,1048,,,,
330,49,7.664266318,Ernie Maresca,Shout! Shout! (Knock Yourself Out),1962,122280,533,,,,
381,97,4.883493965,The Beach Boys,Shut Down,1963,1066953,15103,,,,
853,45,8.107365283,The Tremeloes,Silence Is Golden,1967,2242962,1669,,,,
637,22,13.00172664,Herman's Hermits,Silhouettes,1965,753474,2048,,,,
923,33,9.949031357,1910 Fruitgum Company,Simon Says,1968,552736,578,,,,
89,28,11.08857401,Johnny Horton,Sink The Bismark,1960,1971530,1545,,,,
73,22,13.00172664,Connie Stevens,Sixteen Reasons,1960,272674,1189,,,,
551,70,6.056689273,The Animals,Sky Pilot,1968,642284,3699,,,,
936,44,8.228510611,Clarence Carter,Slip Away,1968,4904429,780,,,,
386,61,6.632577127,The Beach Boys,Sloop John B,1966,17048533,15103,,,,
42,17,15.41358678,Chubby Checker,Slow Twistin',1962,284087,1911,,,,
1005,76,5.736711756,The Flying Machine,Smile A Little Smile For Me,1969,208803,550,,,,
332,51,7.4645509,The Corsairs,Smoky Places,1962,38068,240,,,,
350,66,6.296526022,Joe Henderson,Snap Your Fingers,1962,49211,1173,,,,
884,84,5.370017132,The Royal Guardsmen,Snoopy Vs. The Red Baron,1967,301051,650,,,,
411,15,16.74093727,The Tymes,So Much In Love,1963,217721,438,,,,
4,70,6.056689273,The Everly Brothers,So Sad,1960,804269,4114,,,,
885,85,5.328236693,Janis Ian,Society's Child,1967,121720,2300,,,,
203,10,21.87761624,The Shirelles,Soldier Boy,1962,623778,2186,,,,
847,33,9.949031357,Jefferson Airplane,Somebody To Love,1967,42786915,6169,,,,
818,7,27.68441135,Frank and Nancy Sinatra,Somethin' Stupid,1967,23630585,1520,,,,
783,71,6.000251993,Ray Conniff Singers,Somewhere My Love,1966,750017,1780,,,,
810,98,4.850547815,The Box Tops,Soul Deep,1969,306962,1953,,,,
872,67,6.234342105,The Bar-Kays,Soul Finger,1967,5340668,1226,,,,
948,65,6.360293906,Willie Mitchell,Soul Serenade,1968,31136,522,,,,
368,92,5.057082445,King Curtis,Soul Twist,1962,36437,1142,,,,
307,47,7.877989793,The Orlons,South Street,1963,36247,858,,,,
262,64,6.425711417,Ben E. King,Spanish Harlem,1961,4059124,1450,,,,
256,45,8.107365283,Pat Boone,Speedy Gonzales,1962,1355459,4138,,,,
915,26,11.64441273,Classics IV,Spooky,1968,2095546,1391,,,,
151,76,5.736711756,Neil Sedaka,Stairway To Heaven,1960,780214,7962,,,,
261,63,6.49284802,Ben E. King,Stand By Me,1961,59842653,1450,,,,
946,64,6.425711417,The Dells,Stay In My Corner,1968,730409,1145,,,,
611,94,4.985808764,Jimmy Hughes,Steal Away,1964,776473,618,,,,
162,83,5.412631479,The Crests,Step By Step,1960,160505,1838,,,,
448,51,7.4645509,Bill Anderson,Still,1963,138980,1898,,,,
862,17,15.41358678,The 5th Dimension,Stoned Soul Picnic,1968,659715,2394,,,,
508,20,13.84586851,The Supremes,Stop! In the Name of Love,1965,29765413,5042,,,,
280,1,100,Acker Bilk,Stranger On The Shore,1962,921367,1265,,,,
730,15,16.74093727,Frank Sinatra,Strangers in the Night,1966,21956408,15799,,,,
23,9,23.45308318,Elvis Presley,Stuck On You,1960,6695034,19509,,,,
388,1,100,Jimmy Gilmer and The Fireballs,Sugar Shack,1963,226227,673,,,,
970,1,100,The Archies,"Sugar, Sugar",1969,50009972,1201,,,,
405,13,18.39913422,Kyu Sakamoto,Sukiyaki,1963,3243351,1643,,,,
943,56,7.017717833,Blue Cheer,Summertime Blues,1968,1113051,2021,,,,
753,27,11.35794904,Bobby Hebb,Sunny,1966,18167168,673,,,,
895,6,30.6492728,Cream,Sunshine Of Your Love,1968,68023254,1342,,,,
750,26,11.64441273,Donovan,Sunshine Superman,1966,7309228,6108,,,,
423,28,11.08857401,Jan and Dean,Surf City,1963,2529316,4719,,,,
380,36,9.393779234,The Beach Boys,Surfer Girl,1963,6457598,15103,,,,
589,75,5.787081068,The Trashmen,Surfin' Bird,1964,7766580,620,,,,
378,100,4.786300923,The Beach Boys,Surfin' Safari,1962,6351035,15103,,,,
379,2,63.2878297,The Beach Boys,Surfin' U.S.A.,1963,40283487,15103,,,,
25,51,7.4645509,Elvis Presley,Surrender,1961,4599587,19509,,,,
527,22,13.00172664,Terry Stafford,Suspicion,1964,747126,603,,,,
33,18,14.84294734,Elvis Presley,Suspicious Minds,1969,76262262,19509,,,,
962,97,4.883493965,Creedence Clearwater Revival,Suzie Q.,1968,7558018,4772,,,,
791,22,13.00172664,Neil Diamond,Sweet Caroline,1969,72737534,5853,,,,
811,100,4.786300923,The Box Tops,Sweet Cream Ladies,1969,72768,1953,,,,
955,84,5.370017132,The Sweet Inspirations,Sweet Inspiration,1968,289757,1471,,,,
12,18,14.84294734,Brenda Lee,Sweet Nothin's,1960,4478743,2547,,,,
304,44,8.228510611,Tommy Roe,Sweet Pea,1966,343854,711,,,,
832,17,15.41358678,Arthur Conley,Sweet Soul Music,1967,14474435,777,,,,
52,74,5.838577711,Bobby Rydell,Swingin' School,1960,73006,1069,,,,
278,95,4.951108236,Dave Brubeck,Take Five,1961,49478497,3628,,,,
257,61,6.632577127,Adam Wade,Take Good Care Of Her,1961,16354,531,,,,
136,12,19.39725958,Bobby Vee,Take Good Care Of My Baby,1961,8915018,1614,,,,
743,54,7.188199443,Percy Sledge,Take Time To Know Her,1968,888908,1092,,,,
475,93,5.021127552,Sunny and the Sunglows,Talk to Me,1963,58419,334,,,,
168,77,5.687430745,Ricky Nelson,Teen Age Idol,1962,410663,4885,,,,
10,5,34.56844127,Mark Dinning,Teen Angel,1960,436274,303,,,,
696,74,5.838577711,The Zombies,Tell Her No,1965,728476,2742,,,,
879,76,5.736711756,Aaron Neville,Tell It Like It Is,1967,6815477,1369,,,,
147,67,6.234342105,Ray Peterson,Tell Laura I Love Her,1960,1317706,527,,,,
219,84,5.370017132,Dick and Dee Dee,Tell Me,1962,12985,1038,,,,
790,100,4.786300923,Neil Diamond,Thank The Lord For The Night Time,1967,532896,5853,,,,
313,87,5.247075258,Nat King Cole,"That Sunday, That Summer",1963,248929,4280,,,,
14,71,6.000251993,Brenda Lee,That's All You Gotta Do,1960,395052,2547,,,,
462,72,5.945119004,Marvin Gaye,That's The Way Love Is,1969,1231338,7086,,,,
918,29,10.83471074,Georgie Fame,The Ballad Of Bonnie And Clyde,1968,587910,2126,,,,
647,83,5.412631479,Sonny and Cher,The Beat Goes On,1967,2903680,2377,,,,
108,36,9.393779234,Toni Fisher,The Big Hurt,1960,23972,339,,,,
642,13,18.39913422,Jewel Akens,The Birds and the Bees,1965,502507,298,,,,
144,25,11.94977132,Brook Benton,The Boll Weevil Song,1961,48225,708,,,,
713,98,4.850547815,The Ad Libs,The Boy from New York City,1965,187728,274,,,,
503,77,5.687430745,Dean Martin,The Door Is Still Open to My Heart,1964,1013765,4570,,,,
389,3,48.42838339,Skeeter Davis,The End Of The World,1963,9808917,1796,,,,
39,70,6.056689273,Chubby Checker,The Fly,1961,80384,1911,,,,
927,69,6.114481004,Sergio Mendes and Brasil '66,The Fool On The Hill,1968,1069863,1691,,,,
566,51,7.4645509,Stan Getz and Astrud Gilberto,The Girl from Ipanema,1964,31119332,1553,,,,
898,8,25.34898699,Hugo Montenegro,"The Good, The Bad And The Ugly",1968,1363760,1137,,,,
514,29,10.83471074,The Supremes,The Happening,1967,3012733,5042,,,,
912,21,13.40711287,Cliff Nobles,The Horse,1968,343717,369,,,,
549,38,9.064478563,The Animals,The House of the Rising Sun,1964,44557,3699,,,,
653,18,14.84294734,Ramsey Lewis Trio,The 'In' Crowd,1965,1439252,920,,,,
604,39,8.910403258,The Kingsmen,The Jolly Green Giant,1965,89146,2634,,,,
619,88,5.207645782,The Rolling Stones,The Last Time,1965,5587819,13638,,,,
808,2,63.2878297,The Box Tops,The Letter,1967,22113106,1953,,,,
425,48,7.769280177,Jan and Dean,The Little Old Lady from Pasadena,1964,573042,4719,,,,
291,7,27.68441135,Little Eva,The Loco-Motion,1962,9076546,924,,,,
926,36,9.393779234,Sergio Mendes and Brasil '66,The Look Of Love,1968,1143404,1691,,,,
522,91,5.093692001,Manfred Mann,The Mighty Quinn,1968,4682816,1907,,,,
442,49,7.664266318,Major Lance,The Monkey Time,1963,455979,1416,,,,
352,94,4.985808764,Chris Montez,The More I See You,1966,1293165,1050,,,,
218,27,11.35794904,Dick and Dee Dee,The Mountain's High,1961,17863,1038,,,,
670,35,9.570069478,Shirley Ellis,The Name Game,1965,206470,392,,,,
138,78,5.63920084,Bobby Vee,The Night Has a Thousand Eyes,1963,2254109,1614,,,,
133,57,6.936215781,The Browns,The Old Lamplighter,1960,62470,707,,,,
297,19,14.32262507,Mary Wells,The One Who Really Loves You,1962,1749941,2824,,,,
782,69,6.114481004,Crispian St. Peters,The Pied Piper,1966,382427,764,,,,
711,96,4.917008807,Jack Jones,The Race Is On,1965,17712,1801,,,,
866,49,7.664266318,The Cowsills,"The Rain, The Park And Other Things",1967,3174001,2784,,,,
554,45,8.107365283,Johnny Rivers,The Seventh Son,1965,92259,1516,,,,
594,79,5.59198657,Sammy Davis Jr.,The Shelter of Your Arms,1964,133430,4058,,,,
560,44,8.228510611,Betty Everett,The Shoop Shoop Song (It's in His Kiss),1964,283977,1249,,,,
773,54,7.188199443,Simon and Garfunkel,The Sound of Silence,1966,140952268,5561,,,,
289,5,34.56844127,David Rose,The Stripper,1962,313233,1104,,,,
215,78,5.63920084,The Miracles,The Tracks of My Tears,1965,28463187,5609,,,,
37,10,21.87761624,Chubby Checker,The Twist,1960,15600003,1911,,,,
41,9,23.45308318,Chubby Checker,The Twist,1962,15615387,1911,,,,
951,76,5.736711756,The Irish Rovers,The Unicorn,1968,392426,2636,,,,
130,56,7.017717833,Andy Williams,The Village Of St. Bernadette,1960,83052,3980,,,,
306,24,12.27610461,The Orlons,The Wah-Watusi,1962,401222,858,,,,
239,12,19.39725958,Dion,The Wanderer,1962,30747630,3245,,,,
581,70,6.056689273,The Temptations,The Way You Do the Things You Do,1964,19638035,9519,,,,
252,58,6.857053284,The Lettermen,The Way You Look Tonight,1961,265415,1932,,,,
258,83,5.412631479,Adam Wade,The Writing On The Wall,1961,4696,531,,,,
323,39,8.910403258,Richard Chamberlain,Theme From Dr. Kildare,1962,26892,1395,,,,
127,53,7.277428145,Ferrante and Teicher,Theme From The Apartment,1960,131144,1231,,,,
357,68,6.173680038,The Crystals,Then He Kissed Me,1963,18884086,1856,,,,
852,40,8.762749681,The Casinos,Then You Can Tell Me Goodbye,1967,502765,396,,,,
287,98,4.850547815,Bobby Vinton,There! I've Said It Again,1964,526233,1732,,,,
641,50,7.562750921,Herman's Hermits,There's A Kind Of Hush,1967,1212867,2048,,,,
246,50,7.562750921,The Capris,There's A Moon Out Tonight,1961,977093,562,,,,
728,13,18.39913422,Nancy Sinatra,These Boots Are Made for Walkin',1966,36897264,2938,,,,
990,44,8.228510611,The Guess Who,These Eyes,1969,7675817,4136,,,,
99,62,6.561777272,Bobby Darin,Things,1962,800658,3031,,,,
1000,70,6.056689273,New Colony Six,Things I'd Like To Say,1969,14821,498,,,,
827,94,4.985808764,Aretha Franklin,Think,1968,44177032,4631,,,,
145,78,5.63920084,Brook Benton,Think Twice,1961,62191,708,,,,
648,17,15.41358678,Gary Lewis and The Playboys,This Diamond Ring,1965,1396838,972,,,,
907,84,5.370017132,Gary Puckett and The Union Gap,This Girl Is A Woman Now,1969,457270,1275,,,,
548,64,6.425711417,Dionne Warwick,This Girl's In Love With You,1969,243874,7251,,,,
897,7,27.68441135,Herb Alpert,This Guy's In Love With You,1968,4842746,3642,,,,
633,52,7.369496097,Petula Clark,This Is My Song,1967,532949,4478,,,,
317,56,7.017717833,Jay and The Americans,This Magic Moment,1969,1002589,978,,,,
234,42,8.485070759,Troy Shondell,This Time,1961,28820,793,,,,
312,70,6.056689273,Nat King Cole,Those Lazy-Hazy-Crazy Days of Summer,1963,555689,4280,,,,
266,69,6.114481004,Little Caesar and The Romans,Those Oldies But Goodies,1961,286453,346,,,,
919,30,10.59497587,Mary Hopkin,Those Were The Days,1968,2920155,2125,,,,
487,31,10.36815025,The Beatles,Ticket to Ride,1965,37599801,14112,,,,
474,84,5.370017132,Rolf Harris,"Tie Me Kangaroo Down, Sport",1963,699358,5391,,,,
959,87,5.247075258,The Chambers Brothers,Time Has Come Today,1968,2079713,1186,,,,
335,63,6.49284802,Booker T. and The M.G.'s,Time Is Tight,1969,1830732,3484,,,,
987,39,8.910403258,Zombies,Time Of The Season,1969,40561780,5936,,,,
763,42,8.485070759,The Outsiders,Time Won't Let Me,1966,206922,2291,,,,
592,60,6.705330284,The Kinks,Tired of Waiting for You,1965,2941290,9987,,,,
807,1,100,Lulu,To Sir With Love,1967,3319473,4659,,,,
579,66,6.296526022,The New Christy Minstrels,Today,1964,158773,2148,,,,
77,85,5.328236693,Paul Anka,"Tonight My Love, Tonight",1961,339702,2526,,,,
461,14,17.52086311,Marvin Gaye,Too Busy Thinking About My Baby,1969,3314326,7086,,,,
20,79,5.59198657,Brenda Lee,Too Many Rivers,1965,163530,2547,,,,
185,1,100,Bobby Lewis,Tossin' And Turnin',1961,185664,220,,,,
817,49,7.664266318,The Doors,Touch Me,1969,12795349,8577,,,,
348,97,4.883493965,Gene Pitney,Town Without Pity,1962,1116175,2010,,,,
916,54,7.188199443,Classics IV,Traces,1969,403499,1391,,,,
1011,81,5.500471104,The Cuff Links,Tracy,1969,243798,773,,,,
165,23,12.62582101,Ricky Nelson,Travelin' Man,1961,3426713,4885,,,,
710,95,4.951108236,Roy Head,Treat Her Right,1965,19176,2269,,,,
534,82,5.456106733,Peter and Gordon,True Love Ways,1965,612139,951,,,,
324,40,8.762749681,Ace Cannon,Tuff,1962,33272,341,,,,
802,24,12.27610461,The Vogues,"Turn Around, Look At Me",1968,352007,1079,,,,
999,69,6.114481004,Edwin Starr,Twenty-five Miles,1969,3966098,1270,,,,
321,38,9.064478563,The Isley Brothers,Twist And Shout,1962,16962564,2160,,,,
482,40,8.762749681,The Beatles,Twist and Shout,1964,55584330,14112,,,,
225,88,5.207645782,Gary U.S. Bonds,"Twist, Twist Senora",1962,51794,753,,,,
365,89,5.168953147,Jimmy Soul,Twistin' Matilda,1962,27425,338,,,,
92,23,12.62582101,Sam Cooke,Twistin' The Night Away,1962,12685198,2895,,,,
450,54,7.188199443,Lou Christie,Two Faces Have I,1963,17151,1818,,,,
443,47,7.877989793,Major Lance,"Um, Um, Um, Um, Um, Um",1964,8939235,1416,,,,
627,21,13.40711287,The Righteous Brothers,Unchained Melody,1965,64041107,2690,,,,
86,20,13.84586851,The Drifters,Under the Boardwalk,1964,26552965,4140,,,,
85,75,5.787081068,The Drifters,Up on the Roof,1963,5920655,4140,,,,
396,59,6.780124557,Stevie Wonder,Uptight (Everything's Alright),1966,37974338,4980,,,,
355,72,5.945119004,The Crystals,Uptown,1962,374691,1856,,,,
103,75,5.787081068,Jimmy Clanton,Venus In Blue Jeans,1962,143310,565,,,,
51,54,7.188199443,Bobby Rydell,Volare,1960,221099,1069,,,,
762,40,8.762749681,The Left Banke,Walk Away Renee,1966,856321,1760,,,,
338,24,12.27610461,Frankie Valli and The Four Seasons,Walk Like A Man,1963,9797062,4256,,,,
542,37,9.225435188,Dionne Warwick,Walk On By,1964,8336468,7251,,,,
367,91,5.093692001,Jimmy Smith,Walk On The Wild Side,1962,414693,1305,,,,
6,57,6.936215781,The Everly Brothers,Walk Right Back,1961,2192314,4114,,,,
433,34,9.754924552,The Rooftop Singers,Walk Right In,1963,1048770,428,,,,
80,25,11.94977132,The Ventures,"Walk, Don't Run",1960,4127116,2678,,,,
81,90,5.130975533,The Ventures,"Walk, Don't Run '64",1964,62271,2678,,,,
464,73,5.891242669,Rufus Thomas,Walking the Dog,1963,1566133,1954,,,,
149,72,5.945119004,Fats Domino,Walking To New Orleans,1960,1725415,3326,,,,
400,9,23.45308318,The Village Stompers,Washington Square,1963,248436,216,,,,
115,40,8.762749681,Freddie Cannon,Way Down Yonder In New Orleans,1960,190729,1289,,,,
489,16,16.04282372,The Beatles,We Can Work It Out,1966,20400983,14112,,,,
550,86,5.287264321,The Animals,We Gotta Get out of This Place,1965,9687979,3699,,,,
864,40,8.762749681,The 5th Dimension,Wedding Bell Blues,1969,1904448,2394,,,,
504,8,25.34898699,Gale Garnett,We'll Sing in the Sunshine,1964,211353,1522,,,,
869,58,6.857053284,Five Americans,Western Union,1967,119130,620,,,,
729,14,17.52086311,Jimmy Ruffin,What Becomes of the Brokenhearted,1966,16852870,1201,,,,
978,20,13.84586851,Jr. Walker and The All Stars,What Does It Take (To Win Your Love),1969,1749455,1102,,,,
57,14,17.52086311,Jack Scott,What In The World's Come Over You,1960,192575,551,,,,
590,76,5.736711756,The Tams,What Kind of Fool (Do You Think I Am),1964,205186,706,,,,
688,63,6.49284802,Jackie DeShannon,What the World Needs Now Is Love,1965,4468238,2242,,,,
466,76,5.736711756,Johnny Mathis,What Will My Mary Say,1963,190020,2566,,,,
659,28,11.08857401,Tom Jones,What's New Pussycat?,1965,4493083,4556,,,,
331,50,7.562750921,Don and Juan,What's Your Name,1962,323853,1478,,,,
196,8,25.34898699,The String-A-Longs,Wheels,1961,254594,352,,,,
742,20,13.84586851,Percy Sledge,When a Man Loves a Woman,1966,35465080,1092,,,,
1001,71,6.000251993,Motherlode,When I Die,1969,11899,327,,,,
5,91,5.093692001,The Everly Brothers,When Will I Be Loved,1960,508098,4114,,,,
506,10,21.87761624,The Supremes,Where Did Our Love Go,1964,22205872,5042,,,,
370,95,4.951108236,The Kingston Trio,Where Have All The Flowers Gone?,1962,639742,6161,,,,
72,21,13.40711287,Dion and The Belmonts,Where Or When,1960,799005,1659,,,,
47,18,14.84294734,Connie Francis,Where The Boys Are,1961,1961350,4607,,,,
558,42,8.485070759,Danny Williams,White On White,1964,60109,864,,,,
848,81,5.500471104,Jefferson Airplane,White Rabbit,1967,49865242,6169,,,,
896,81,5.500471104,Cream,White Room,1968,45651039,1342,,,,
134,58,6.857053284,Bill Black's Combo,White Silver Sands,1960,30065,2017,,,,
226,32,10.15315495,Barry Mann,"Who Put The Bomp (In The Bomp, Bomp, Bomp)",1961,664163,737,,,,
79,24,12.27610461,Frankie Avalon,Why,1960,378916,2080,,,,
50,12,19.39725958,Bobby Rydell,Wild One,1960,211513,1069,,,,
744,24,12.27610461,The Troggs,Wild Thing,1966,10680673,1786,,,,
419,22,13.00172664,The Rockin' Rebels,Wild Weekend,1963,34191,778,,,,
201,16,16.04282372,The Shirelles,Will You Love Me Tomorrow,1961,10966476,2186,,,,
716,4,40.05349388,The Association,Windy,1967,2621319,3791,,,,
231,38,9.064478563,Ferlin Husky,Wings Of A Dove,1961,259282,1059,,,,
414,20,13.84586851,The Surfaris,Wipe Out,1963,1632562,930,,,,
415,63,6.49284802,The Surfaris,Wipe Out,1966,1632562,930,,,,
540,35,9.570069478,Dusty Springfield,Wishin' and Hopin',1964,3337374,7225,,,,
296,16,16.04282372,Claude King,Wolverton Mountain,1962,453022,1100,,,,
906,79,5.59198657,Gary Puckett and The Union Gap,"Woman, Woman",1968,1062775,1275,,,,
91,80,5.545754095,Sam Cooke,Wonderful World,1960,93708300,2895,,,,
639,67,6.234342105,Herman's Hermits,Wonderful World,1965,76394,2048,,,,
267,72,5.945119004,Bert Kaempfert,Wonderland By Night,1961,350403,2099,,,,
198,10,21.87761624,Joe Dowell,Wooden Heart,1961,76204,295,,,,
612,1,100,Sam the Sham and the Pharaohs,Wooly Bully,1965,3020229,1129,,,,
249,76,5.736711756,Lee Dorsey,Working In The Coal Mine,1966,1841556,752,,,,
1003,74,5.838577711,Brooklyn Bridge,Worst That Could Happen,1969,161106,3934,,,,
248,53,7.277428145,Lee Dorsey,Ya Ya,1961,1445791,752,,,,
244,47,7.877989793,Arthur Lyman,Yellow Bird,1961,261189,1800,,,,
492,96,4.917008807,The Beatles,Yellow Submarine,1966,33759504,14112,,,,
658,27,11.35794904,Barbara Mason,"Yes, I'm Ready",1965,1808097,462,,,,
800,87,5.247075258,Turtles,You Baby,1966,553566,5416,,,,
298,70,6.056689273,Mary Wells,You Beat Me To The Punch,1962,10101881,2824,,,,
16,93,5.021127552,Brenda Lee,You Can Depend On Me,1961,165193,2547,,,,
510,8,25.34898699,The Supremes,You Can't Hurry Love,1966,77355864,5042,,,,
211,31,10.36815025,The Dovells,You Can't Sit Down,1963,70658,591,,,,
541,35,9.570069478,Dusty Springfield,You Don't Have To Say You Love Me,1966,9288509,7225,,,,
157,54,7.188199443,Ray Charles,You Don't Know Me,1962,5666493,6315,,,,
251,56,7.017717833,Ral Donner,You Don't Know What You've Got (Until You Lose It),1961,45016,411,,,,
409,36,9.393779234,Lesley Gore,You Don't Own Me,1964,5423583,1455,,,,
511,30,10.59497587,The Supremes,You Keep Me Hangin' On,1966,11752447,5042,,,,
98,99,4.818155049,Bobby Darin,You Must Have Been A Beautiful Baby,1961,318504,3031,,,,
591,78,5.63920084,The Kinks,You Really Got Me,1964,50309944,9987,,,,
695,80,5.545754095,The Turtles,You Showed Me,1969,2034830,2031,,,,
176,89,5.168953147,Joe Jones,You Talk Too Much,1960,150648,420,,,,
687,57,6.936215781,Ian Whitcomb,You Turn Me On,1965,25158,1747,,,,
625,4,40.05349388,We Five,You Were on My Mind,1965,460827,1179,,,,
354,71,6.000251993,Barbara Lynn,You'll Lose A Good Thing,1962,1657027,714,,,,
164,85,5.328236693,Ricky Nelson,Young Emotions,1960,197454,4885,,,,
903,15,16.74093727,Gary Puckett and The Union Gap,Young Girl,1968,5359097,1275,,,,
167,43,8.35431448,Ricky Nelson,Young World,1962,347455,4885,,,,
793,91,5.093692001,Lou Rawls,Your Good Thing (Is About To End),1969,23102,2941,,,,
843,32,10.15315495,Marvin Gaye and Tammi Terrell,Your Precious Love,1967,4738770,581,,,,
846,82,5.456106733,Marvin Gaye and Tammi Terrell,You're All I Need To Get By,1968,12177190,581,,,,
585,56,7.017717833,The Temptations,You're My Everything,1967,29435462,9519,,,,
100,23,12.62582101,Bobby Darin,You're The Reason I'm Living,1963,30498,3031,,,,
119,46,7.990608098,Marv Johnson,You've Got What It Takes,1960,53493,1131,,,,
699,84,5.370017132,The Fortunes,You've Got Your Troubles,1965,664723,1493,,,,
626,5,34.56844127,The Righteous Brothers,You've Lost That Lovin' Feelin',1965,20772397,2690,,,,
984,45,8.107365283,"Blood, Sweat and Tears",You've Made Me So Very Happy,1969,2652093,940,,,,
213,65,6.360293906,The Miracles,You've Really Got a Hold on Me,1963,3940869,5609,,,,
929,38,9.064478563,Ohio Express,"Yummy, Yummy, Yummy",1968,1485174,2190,,,,
806,98,4.850547815,Herb Alpert and The Tijuana Brass,Zorba The Greek,1966,391411,3642,,,,